Date,JKM,TTF,
01/07/2010,6.75,6.05,
02/07/2010,6.75,6.05,
05/07/2010,6.75,6.16,
06/07/2010,6.75,6.22,
07/07/2010,6.75,6.08,
08/07/2010,7.40,6.20,
09/07/2010,7.40,6.20,
12/07/2010,7.40,6.15,
13/07/2010,7.40,6.10,
14/07/2010,7.40,5.86,
15/07/2010,7.75,5.82,
16/07/2010,7.75,5.68,
19/07/2010,7.75,5.53,
20/07/2010,7.75,5.34,
21/07/2010,7.75,5.00,
22/07/2010,7.75,5.20,
23/07/2010,7.75,5.28,
26/07/2010,7.75,5.23,
27/07/2010,7.75,5.02,
28/07/2010,7.75,5.07,
29/07/2010,8.05,5.24,
30/07/2010,8.05,5.42,
02/08/2010,8.05,5.54,
03/08/2010,8.05,5.50,
04/08/2010,8.05,5.61,
05/08/2010,7.65,5.59,
06/08/2010,7.65,5.49,
09/08/2010,7.65,5.52,
10/08/2010,7.65,5.52,
11/08/2010,7.65,5.52,
12/08/2010,7.75,5.45,
13/08/2010,7.75,5.44,
16/08/2010,7.75,5.31,
17/08/2010,7.75,5.30,
18/08/2010,7.75,5.17,
19/08/2010,8.00,5.26,
20/08/2010,8.00,5.34,
23/08/2010,8.00,5.38,
24/08/2010,8.00,5.19,
25/08/2010,8.00,5.19,
26/08/2010,8.40,5.26,
27/08/2010,8.40,5.25,
30/08/2010,8.40,5.24,
31/08/2010,8.40,5.40,
01/09/2010,8.40,5.34,
02/09/2010,8.25,5.37,
03/09/2010,8.25,5.51,
06/09/2010,8.25,5.37,
07/09/2010,8.25,5.35,
08/09/2010,8.25,5.44,
09/09/2010,8.63,5.51,
10/09/2010,8.63,5.45,
13/09/2010,8.63,5.47,
14/09/2010,8.63,5.44,
15/09/2010,8.63,5.44,
16/09/2010,9.25,5.40,
17/09/2010,9.25,5.40,
20/09/2010,9.25,5.35,
21/09/2010,9.25,5.31,
22/09/2010,9.25,5.35,
23/09/2010,9.25,5.40,
24/09/2010,9.25,5.47,
27/09/2010,9.25,5.43,
28/09/2010,9.25,5.57,
29/09/2010,9.25,5.61,
30/09/2010,9.60,5.63,
01/10/2010,9.60,5.55,
04/10/2010,9.60,5.49,
05/10/2010,9.60,5.55,
06/10/2010,9.60,5.54,
07/10/2010,9.40,5.49,
08/10/2010,9.40,5.47,
11/10/2010,9.40,5.56,
12/10/2010,9.40,5.57,
13/10/2010,9.40,5.52,
14/10/2010,9.40,5.56,
15/10/2010,9.40,5.57,
18/10/2010,9.40,5.56,
19/10/2010,9.40,5.47,
20/10/2010,9.40,5.50,
21/10/2010,9.40,5.47,
22/10/2010,9.40,5.47,
25/10/2010,9.40,5.50,
26/10/2010,9.40,5.59,
27/10/2010,9.40,5.59,
28/10/2010,9.40,5.55,
29/10/2010,9.40,5.51,
01/11/2010,9.40,5.47,
02/11/2010,9.40,5.47,
03/11/2010,9.40,5.54,
04/11/2010,9.40,5.50,
05/11/2010,9.40,5.47,
08/11/2010,9.40,5.38,
09/11/2010,9.40,5.38,
10/11/2010,9.40,5.42,
11/11/2010,9.40,5.46,
12/11/2010,9.40,5.50,
15/11/2010,9.30,5.68,
16/11/2010,9.30,5.69,
17/11/2010,9.30,5.67,
18/11/2010,9.30,5.71,
19/11/2010,9.30,5.72,
22/11/2010,9.40,6.09,
23/11/2010,9.40,6.03,
24/11/2010,9.40,6.13,
25/11/2010,9.40,6.09,
26/11/2010,9.40,6.12,
29/11/2010,9.40,6.39,
30/11/2010,9.40,6.38,
01/12/2010,9.40,6.64,
02/12/2010,9.40,6.60,
03/12/2010,9.40,6.87,
06/12/2010,9.40,7.00,
07/12/2010,9.45,6.87,
08/12/2010,9.45,7.05,
09/12/2010,9.45,6.95,
10/12/2010,9.50,6.94,
13/12/2010,9.50,6.82,
14/12/2010,9.50,6.52,
15/12/2010,9.50,6.56,
16/12/2010,9.50,6.78,
17/12/2010,9.50,6.85,
20/12/2010,9.50,6.78,
21/12/2010,9.50,6.67,
22/12/2010,9.50,6.69,
23/12/2010,9.50,6.69,
24/12/2010,9.65,6.70,
27/12/2010,9.65,6.69,
28/12/2010,9.65,6.69,
29/12/2010,9.65,7.08,
30/12/2010,9.65,6.98,
31/12/2010,9.75,7.07,
03/01/2011,9.75,7.06,
04/01/2011,9.75,6.72,
05/01/2011,9.75,6.62,
06/01/2011,9.75,6.67,
07/01/2011,9.75,6.68,
10/01/2011,10.00,6.58,
11/01/2011,10.00,6.63,
12/01/2011,10.00,6.73,
13/01/2011,10.00,6.67,
14/01/2011,10.00,6.54,
17/01/2011,10.00,6.59,
18/01/2011,10.00,6.61,
19/01/2011,10.00,6.62,
20/01/2011,10.00,6.61,
21/01/2011,10.00,6.54,
24/01/2011,10.00,6.46,
25/01/2011,10.00,6.31,
26/01/2011,10.00,6.35,
27/01/2011,10.00,6.32,
28/01/2011,10.00,6.23,
31/01/2011,10.45,6.11,
01/02/2011,10.45,6.21,
02/02/2011,10.45,6.37,
03/02/2011,10.45,6.47,
04/02/2011,10.45,6.52,
07/02/2011,10.50,6.40,
08/02/2011,10.50,6.30,
09/02/2011,10.50,6.22,
10/02/2011,10.50,6.22,
11/02/2011,10.50,6.32,
14/02/2011,10.50,6.27,
15/02/2011,10.50,6.27,
16/02/2011,10.50,6.19,
17/02/2011,10.50,6.26,
18/02/2011,10.50,6.21,
21/02/2011,10.50,6.33,
22/02/2011,10.50,6.45,
23/02/2011,10.50,6.45,
24/02/2011,10.50,6.44,
25/02/2011,10.50,6.38,
28/02/2011,10.50,6.50,
01/03/2011,10.50,6.53,
02/03/2011,10.20,6.60,
03/03/2011,10.20,6.73,
04/03/2011,10.20,6.70,
07/03/2011,10.20,6.95,
08/03/2011,10.20,6.80,
09/03/2011,10.20,6.87,
10/03/2011,10.20,6.79,
11/03/2011,10.20,6.99,
14/03/2011,10.20,7.41,
15/03/2011,10.20,7.53,
16/03/2011,10.20,7.58,
17/03/2011,10.20,7.38,
18/03/2011,10.50,7.17,
21/03/2011,10.50,7.02,
22/03/2011,10.50,7.09,
23/03/2011,10.50,7.23,
24/03/2011,10.50,7.26,
25/03/2011,11.25,7.14,
28/03/2011,11.25,7.19,
29/03/2011,11.25,7.06,
30/03/2011,11.25,6.91,
31/03/2011,11.25,7.26,
01/04/2011,11.75,7.29,
04/04/2011,11.75,7.27,
05/04/2011,11.75,7.14,
06/04/2011,11.75,7.03,
07/04/2011,11.75,6.95,
08/04/2011,11.75,7.02,
11/04/2011,11.75,6.99,
12/04/2011,11.75,6.96,
13/04/2011,11.75,6.89,
14/04/2011,11.75,6.81,
15/04/2011,11.75,6.80,
18/04/2011,11.75,6.75,
19/04/2011,11.75,6.73,
20/04/2011,11.75,6.75,
21/04/2011,11.75,6.69,
22/04/2011,11.75,6.64,
25/04/2011,11.75,6.64,
26/04/2011,11.75,6.40,
27/04/2011,11.75,6.54,
28/04/2011,12.25,6.63,
29/04/2011,12.25,6.77,
02/05/2011,12.25,6.78,
03/05/2011,12.25,6.50,
04/05/2011,12.25,6.43,
05/05/2011,12.25,6.42,
06/05/2011,12.30,6.47,
09/05/2011,12.30,6.61,
10/05/2011,12.30,6.77,
11/05/2011,12.30,6.85,
12/05/2011,12.30,6.76,
13/05/2011,12.80,6.71,
16/05/2011,12.80,6.74,
17/05/2011,12.80,6.76,
18/05/2011,12.80,6.76,
19/05/2011,12.80,6.77,
20/05/2011,12.80,6.79,
23/05/2011,13.20,6.81,
24/05/2011,13.20,6.78,
25/05/2011,13.20,6.79,
26/05/2011,13.20,6.81,
27/05/2011,13.45,6.82,
30/05/2011,13.45,6.87,
31/05/2011,13.45,6.95,
01/06/2011,13.45,6.84,
02/06/2011,13.45,6.75,
03/06/2011,13.75,6.76,
06/06/2011,13.75,6.72,
07/06/2011,13.75,6.73,
08/06/2011,13.75,6.72,
09/06/2011,13.75,6.73,
10/06/2011,13.75,6.73,
13/06/2011,14.00,6.79,
14/06/2011,14.00,6.81,
15/06/2011,14.00,6.78,
16/06/2011,14.00,6.72,
17/06/2011,13.85,6.71,
20/06/2011,13.85,6.66,
21/06/2011,13.85,6.65,
22/06/2011,13.85,6.64,
23/06/2011,13.85,6.57,
24/06/2011,13.90,6.53,
27/06/2011,13.90,6.45,
28/06/2011,13.90,6.49,
29/06/2011,13.90,6.53,
30/06/2011,13.90,6.54,
01/07/2011,13.90,6.41,
04/07/2011,13.90,6.43,
05/07/2011,13.90,6.43,
06/07/2011,13.90,6.44,
07/07/2011,13.90,6.50,
08/07/2011,13.90,6.48,
11/07/2011,13.80,6.41,
12/07/2011,13.80,6.41,
13/07/2011,13.80,6.43,
14/07/2011,13.80,6.39,
15/07/2011,13.80,6.40,
18/07/2011,14.00,6.42,
19/07/2011,14.00,6.42,
20/07/2011,14.00,6.42,
21/07/2011,14.00,6.41,
22/07/2011,14.20,6.37,
25/07/2011,14.20,6.33,
26/07/2011,14.20,6.27,
27/07/2011,14.20,6.22,
28/07/2011,14.20,6.25,
29/07/2011,14.20,6.52,
01/08/2011,14.20,6.42,
02/08/2011,14.20,6.39,
03/08/2011,14.20,6.32,
04/08/2011,14.20,6.31,
05/08/2011,14.20,6.26,
08/08/2011,14.70,6.33,
09/08/2011,14.70,6.35,
10/08/2011,14.70,6.37,
11/08/2011,14.70,6.41,
12/08/2011,14.70,6.45,
15/08/2011,14.70,6.43,
16/08/2011,14.70,6.37,
17/08/2011,14.70,6.49,
18/08/2011,14.70,6.53,
19/08/2011,14.70,6.49,
22/08/2011,15.13,6.56,
23/08/2011,15.13,6.69,
24/08/2011,15.13,6.85,
25/08/2011,15.13,6.73,
26/08/2011,15.13,6.97,
29/08/2011,15.50,6.97,
30/08/2011,15.50,7.20,
31/08/2011,15.50,7.27,
01/09/2011,15.50,7.78,
02/09/2011,15.50,7.63,
05/09/2011,15.50,7.65,
06/09/2011,15.50,7.75,
07/09/2011,15.50,7.78,
08/09/2011,15.50,7.92,
09/09/2011,16.00,7.83,
12/09/2011,16.00,7.75,
13/09/2011,16.00,7.68,
14/09/2011,16.00,7.53,
15/09/2011,16.00,7.56,
16/09/2011,16.00,7.45,
19/09/2011,16.50,7.44,
20/09/2011,16.50,7.48,
21/09/2011,16.50,7.46,
22/09/2011,16.50,7.32,
23/09/2011,16.50,7.36,
26/09/2011,17.00,7.05,
27/09/2011,17.00,7.15,
28/09/2011,17.00,7.24,
29/09/2011,17.00,7.20,
30/09/2011,17.00,7.82,
03/10/2011,17.38,7.73,
04/10/2011,17.38,7.78,
05/10/2011,17.38,7.83,
06/10/2011,17.38,7.68,
07/10/2011,17.38,7.56,
10/10/2011,17.38,7.59,
11/10/2011,17.38,7.69,
12/10/2011,17.38,7.70,
13/10/2011,17.38,7.47,
14/10/2011,17.38,7.50,
17/10/2011,17.38,7.52,
18/10/2011,17.38,7.41,
19/10/2011,17.38,7.36,
20/10/2011,17.38,7.32,
21/10/2011,17.38,7.48,
24/10/2011,17.38,7.39,
25/10/2011,17.38,7.34,
26/10/2011,17.38,7.20,
27/10/2011,17.38,7.25,
28/10/2011,17.38,7.22,
31/10/2011,17.38,7.51,
01/11/2011,17.38,7.47,
02/11/2011,17.38,7.39,
03/11/2011,17.38,7.41,
04/11/2011,17.38,7.44,
07/11/2011,17.25,7.63,
08/11/2011,17.25,7.51,
09/11/2011,17.25,7.35,
10/11/2011,17.25,7.39,
11/11/2011,17.25,7.27,
14/11/2011,17.25,7.22,
15/11/2011,17.25,7.22,
16/11/2011,17.25,7.28,
17/11/2011,17.25,7.19,
18/11/2011,17.25,7.13,
21/11/2011,17.25,7.15,
22/11/2011,17.25,7.15,
23/11/2011,17.25,7.11,
24/11/2011,17.25,7.05,
25/11/2011,17.25,7.02,
28/11/2011,17.25,6.97,
29/11/2011,17.25,6.92,
30/11/2011,17.25,6.76,
01/12/2011,17.25,6.84,
02/12/2011,17.25,6.82,
05/12/2011,17.25,6.74,
06/12/2011,17.25,6.68,
07/12/2011,17.25,6.78,
08/12/2011,17.25,6.88,
09/12/2011,17.25,7.01,
12/12/2011,17.13,6.93,
13/12/2011,17.13,6.94,
14/12/2011,17.13,6.89,
15/12/2011,17.13,6.84,
16/12/2011,17.13,6.79,
19/12/2011,17.13,6.72,
20/12/2011,16.75,6.81,
21/12/2011,16.75,6.78,
22/12/2011,16.75,6.78,
23/12/2011,16.75,6.73,
26/12/2011,16.75,6.73,
27/12/2011,16.75,6.73,
28/12/2011,16.75,6.61,
29/12/2011,16.75,6.47,
30/12/2011,16.75,6.45,
02/01/2012,16.75,6.55,
03/01/2012,16.50,6.36,
04/01/2012,16.50,6.41,
05/01/2012,16.50,6.45,
06/01/2012,16.50,6.37,
09/01/2012,16.50,6.58,
10/01/2012,16.50,6.56,
11/01/2012,16.00,6.60,
12/01/2012,16.00,6.53,
13/01/2012,16.00,6.46,
16/01/2012,16.00,6.33,
17/01/2012,15.75,6.18,
18/01/2012,15.75,6.24,
19/01/2012,15.75,6.23,
20/01/2012,15.75,6.34,
23/01/2012,15.25,6.40,
24/01/2012,15.25,6.47,
25/01/2012,15.25,6.53,
26/01/2012,15.25,6.40,
27/01/2012,15.25,6.68,
30/01/2012,15.25,7.00,
31/01/2012,15.25,6.74,
01/02/2012,15.25,6.85,
02/02/2012,15.25,6.93,
03/02/2012,15.25,6.99,
06/02/2012,15.25,6.98,
07/02/2012,15.25,7.08,
08/02/2012,15.25,6.92,
09/02/2012,15.25,6.89,
10/02/2012,15.25,6.83,
13/02/2012,14.75,6.68,
14/02/2012,14.75,6.65,
15/02/2012,14.75,6.87,
16/02/2012,14.75,6.87,
17/02/2012,14.90,6.90,
20/02/2012,14.90,6.86,
21/02/2012,14.90,6.91,
22/02/2012,14.90,7.09,
23/02/2012,14.90,7.10,
24/02/2012,14.90,7.11,
27/02/2012,14.90,7.39,
28/02/2012,14.90,7.33,
29/02/2012,14.90,7.27,
01/03/2012,14.90,7.12,
02/03/2012,14.90,7.08,
05/03/2012,14.90,6.95,
06/03/2012,15.50,7.02,
07/03/2012,15.50,7.09,
08/03/2012,15.50,7.22,
09/03/2012,15.50,7.23,
12/03/2012,15.50,7.22,
13/03/2012,15.50,7.21,
14/03/2012,15.50,7.28,
15/03/2012,15.50,7.22,
16/03/2012,15.50,7.31,
19/03/2012,15.75,7.39,
20/03/2012,15.75,7.40,
21/03/2012,15.75,7.27,
22/03/2012,15.75,7.22,
23/03/2012,15.75,7.15,
26/03/2012,15.80,7.19,
27/03/2012,15.80,7.14,
28/03/2012,15.80,7.28,
29/03/2012,15.80,7.21,
30/03/2012,15.80,7.40,
02/04/2012,15.80,7.25,
03/04/2012,15.90,7.21,
04/04/2012,15.90,7.21,
05/04/2012,15.90,7.21,
06/04/2012,15.90,7.21,
09/04/2012,15.90,7.17,
10/04/2012,15.90,7.11,
11/04/2012,15.90,7.19,
12/04/2012,16.00,7.28,
13/04/2012,16.00,7.33,
16/04/2012,16.00,7.28,
17/04/2012,16.50,7.15,
18/04/2012,16.50,7.09,
19/04/2012,16.50,7.15,
20/04/2012,16.70,7.18,
23/04/2012,16.70,7.11,
24/04/2012,16.70,7.06,
25/04/2012,16.70,7.00,
26/04/2012,16.70,7.03,
27/04/2012,17.38,7.08,
30/04/2012,17.38,7.41,
01/05/2012,17.38,7.41,
02/05/2012,17.38,7.28,
03/05/2012,17.38,7.31,
04/05/2012,17.92,7.28,
07/05/2012,17.92,7.23,
08/05/2012,17.92,7.21,
09/05/2012,17.92,7.30,
10/05/2012,17.92,7.27,
11/05/2012,17.95,7.22,
14/05/2012,17.95,7.18,
15/05/2012,17.95,7.14,
16/05/2012,17.95,7.11,
17/05/2012,17.95,6.93,
18/05/2012,17.95,6.89,
21/05/2012,18.13,6.89,
22/05/2012,18.13,6.90,
23/05/2012,18.13,6.83,
24/05/2012,18.13,6.86,
25/05/2012,18.13,6.86,
28/05/2012,18.13,7.02,
29/05/2012,18.13,7.00,
30/05/2012,18.13,6.87,
31/05/2012,18.13,6.86,
01/06/2012,18.13,6.90,
04/06/2012,18.13,6.84,
05/06/2012,18.17,6.84,
06/06/2012,18.17,6.95,
07/06/2012,18.17,6.93,
08/06/2012,18.17,6.92,
11/06/2012,18.17,6.92,
12/06/2012,18.17,6.90,
13/06/2012,18.17,6.89,
14/06/2012,17.40,6.84,
15/06/2012,17.20,6.89,
18/06/2012,17.20,6.83,
19/06/2012,17.20,6.80,
20/06/2012,17.20,6.83,
21/06/2012,17.20,6.87,
22/06/2012,16.13,6.89,
25/06/2012,16.13,6.87,
26/06/2012,16.13,6.93,
27/06/2012,16.13,7.04,
28/06/2012,16.13,6.96,
29/06/2012,15.50,7.02,
02/07/2012,15.50,7.03,
03/07/2012,15.50,7.17,
04/07/2012,15.50,7.14,
05/07/2012,15.50,7.24,
06/07/2012,15.50,7.21,
09/07/2012,14.20,7.25,
10/07/2012,14.20,7.11,
11/07/2012,14.20,7.03,
12/07/2012,14.20,7.02,
13/07/2012,14.20,7.08,
16/07/2012,14.20,7.06,
17/07/2012,14.20,6.99,
18/07/2012,14.20,6.98,
19/07/2012,14.20,6.96,
20/07/2012,14.20,7.03,
23/07/2012,14.20,6.96,
24/07/2012,14.20,6.89,
25/07/2012,14.20,6.96,
26/07/2012,14.20,7.03,
27/07/2012,13.50,6.96,
30/07/2012,13.50,6.98,
31/07/2012,13.50,6.87,
01/08/2012,13.50,7.05,
02/08/2012,13.50,7.00,
03/08/2012,13.50,6.99,
06/08/2012,13.25,6.96,
07/08/2012,13.25,7.05,
08/08/2012,13.25,7.00,
09/08/2012,13.25,7.02,
10/08/2012,13.25,7.28,
13/08/2012,13.25,7.29,
14/08/2012,13.25,7.30,
15/08/2012,13.25,7.22,
16/08/2012,13.25,7.19,
17/08/2012,13.25,7.30,
20/08/2012,13.00,7.37,
21/08/2012,13.00,7.37,
22/08/2012,13.00,7.37,
23/08/2012,13.00,7.30,
24/08/2012,13.00,7.31,
27/08/2012,13.00,7.34,
28/08/2012,13.00,7.24,
29/08/2012,13.00,7.24,
30/08/2012,13.00,7.31,
31/08/2012,13.00,7.33,
03/09/2012,12.80,7.62,
04/09/2012,12.80,7.58,
05/09/2012,12.80,7.59,
06/09/2012,12.80,7.61,
07/09/2012,12.90,7.50,
10/09/2012,12.90,7.45,
11/09/2012,12.90,7.40,
12/09/2012,12.90,7.44,
13/09/2012,12.90,7.49,
14/09/2012,12.75,7.53,
17/09/2012,12.75,7.44,
18/09/2012,12.75,7.40,
19/09/2012,12.75,7.37,
20/09/2012,12.75,7.44,
21/09/2012,12.50,7.49,
24/09/2012,12.50,7.41,
25/09/2012,12.50,7.47,
26/09/2012,12.50,7.50,
27/09/2012,12.50,7.47,
28/09/2012,13.15,7.55,
01/10/2012,13.15,7.74,
02/10/2012,13.15,7.72,
03/10/2012,13.15,7.74,
04/10/2012,13.15,7.72,
05/10/2012,13.15,7.83,
08/10/2012,12.50,7.90,
09/10/2012,12.50,7.84,
10/10/2012,12.50,7.81,
11/10/2012,12.50,7.76,
12/10/2012,12.50,7.74,
15/10/2012,12.50,7.71,
16/10/2012,12.50,7.74,
17/10/2012,12.50,7.80,
18/10/2012,12.50,7.87,
19/10/2012,13.02,8.00,
22/10/2012,13.02,8.13,
23/10/2012,13.02,8.12,
24/10/2012,13.02,8.07,
25/10/2012,13.02,8.00,
26/10/2012,13.02,8.16,
29/10/2012,13.02,8.12,
30/10/2012,13.02,8.06,
31/10/2012,13.02,7.95,
01/11/2012,13.02,7.94,
02/11/2012,13.02,7.94,
05/11/2012,13.40,7.88,
06/11/2012,13.40,7.99,
07/11/2012,13.40,7.94,
08/11/2012,13.40,7.94,
09/11/2012,13.40,7.97,
12/11/2012,13.40,8.02,
13/11/2012,13.40,7.99,
14/11/2012,13.40,7.95,
15/11/2012,13.40,8.05,
16/11/2012,13.40,8.10,
19/11/2012,13.98,8.09,
20/11/2012,13.98,8.08,
21/11/2012,13.98,8.11,
22/11/2012,13.98,8.11,
23/11/2012,13.98,8.10,
26/11/2012,13.98,8.03,
27/11/2012,13.98,8.04,
28/11/2012,13.98,8.03,
29/11/2012,13.98,8.01,
30/11/2012,13.98,8.04,
03/12/2012,13.98,8.20,
04/12/2012,15.52,8.25,
05/12/2012,15.52,8.35,
06/12/2012,15.52,8.25,
07/12/2012,15.52,8.23,
10/12/2012,16.30,8.12,
11/12/2012,16.30,8.06,
12/12/2012,16.30,8.07,
13/12/2012,16.30,8.02,
14/12/2012,16.30,8.05,
17/12/2012,16.30,8.01,
18/12/2012,16.50,8.04,
19/12/2012,16.50,8.02,
20/12/2012,16.50,8.00,
21/12/2012,16.50,7.96,
24/12/2012,16.50,7.77,
25/12/2012,16.50,7.77,
26/12/2012,16.50,7.77,
27/12/2012,16.50,7.72,
28/12/2012,16.50,7.71,
31/12/2012,17.20,7.72,
01/01/2013,17.20,7.72,
02/01/2013,17.20,7.80,
03/01/2013,17.20,7.94,
04/01/2013,17.20,7.98,
07/01/2013,17.20,8.12,
08/01/2013,17.20,8.07,
09/01/2013,17.20,8.11,
10/01/2013,17.20,7.97,
11/01/2013,17.20,7.95,
14/01/2013,17.20,7.84,
15/01/2013,17.20,7.84,
16/01/2013,17.20,7.86,
17/01/2013,17.20,7.91,
18/01/2013,17.20,7.75,
21/01/2013,18.50,7.63,
22/01/2013,18.50,7.74,
23/01/2013,18.50,7.66,
24/01/2013,18.50,7.57,
25/01/2013,18.50,7.49,
28/01/2013,18.90,7.63,
29/01/2013,18.90,7.55,
30/01/2013,18.90,7.51,
31/01/2013,18.90,7.53,
01/02/2013,18.90,7.54,
04/02/2013,19.50,7.60,
05/02/2013,19.50,7.59,
06/02/2013,19.50,7.50,
07/02/2013,19.50,7.59,
08/02/2013,19.50,7.62,
11/02/2013,19.50,7.53,
12/02/2013,19.50,7.54,
13/02/2013,19.50,7.52,
14/02/2013,19.50,7.58,
15/02/2013,19.50,7.52,
18/02/2013,19.67,7.50,
19/02/2013,19.67,7.43,
20/02/2013,19.67,7.41,
21/02/2013,19.67,7.50,
22/02/2013,19.67,7.55,
25/02/2013,18.30,7.52,
26/02/2013,18.30,7.54,
27/02/2013,18.30,7.59,
28/02/2013,18.30,7.71,
01/03/2013,18.30,7.65,
04/03/2013,18.30,7.77,
05/03/2013,18.30,7.76,
06/03/2013,18.30,7.73,
07/03/2013,18.30,7.71,
08/03/2013,18.30,7.72,
11/03/2013,16.88,7.77,
12/03/2013,16.88,7.74,
13/03/2013,16.88,7.72,
14/03/2013,16.88,7.70,
15/03/2013,16.88,7.66,
18/03/2013,16.40,7.72,
19/03/2013,16.40,7.81,
20/03/2013,16.40,7.87,
21/03/2013,16.40,7.88,
22/03/2013,16.00,7.97,
25/03/2013,16.00,8.25,
26/03/2013,16.00,8.31,
27/03/2013,16.00,8.31,
28/03/2013,16.00,8.60,
29/03/2013,16.00,8.60,
01/04/2013,16.00,8.60,
02/04/2013,15.50,7.89,
03/04/2013,15.50,8.00,
04/04/2013,15.50,8.02,
05/04/2013,15.50,8.00,
08/04/2013,15.50,7.88,
09/04/2013,15.50,7.94,
10/04/2013,15.50,7.94,
11/04/2013,15.50,7.97,
12/04/2013,15.00,7.98,
15/04/2013,15.00,7.96,
16/04/2013,15.00,7.95,
17/04/2013,15.00,7.84,
18/04/2013,15.00,7.80,
19/04/2013,15.00,7.79,
22/04/2013,14.95,7.70,
23/04/2013,14.95,7.74,
24/04/2013,14.95,7.79,
25/04/2013,14.95,7.79,
26/04/2013,14.20,7.74,
29/04/2013,14.20,7.74,
30/04/2013,14.20,7.69,
01/05/2013,14.20,7.71,
02/05/2013,14.20,7.69,
03/05/2013,14.13,7.72,
06/05/2013,14.13,7.72,
07/05/2013,14.13,7.80,
08/05/2013,14.13,7.73,
09/05/2013,14.13,7.74,
10/05/2013,14.13,7.66,
13/05/2013,14.13,7.66,
14/05/2013,14.13,7.71,
15/05/2013,14.13,7.71,
16/05/2013,14.13,7.77,
17/05/2013,14.13,7.78,
20/05/2013,14.13,7.86,
21/05/2013,14.13,7.85,
22/05/2013,14.13,7.83,
23/05/2013,14.13,7.82,
24/05/2013,14.13,7.82,
27/05/2013,14.13,7.82,
28/05/2013,14.13,7.74,
29/05/2013,14.13,7.76,
30/05/2013,14.13,7.77,
31/05/2013,14.38,7.80,
03/06/2013,14.38,7.66,
04/06/2013,14.38,7.65,
05/06/2013,14.38,7.66,
06/06/2013,14.38,7.59,
07/06/2013,14.38,7.58,
10/06/2013,14.38,7.58,
11/06/2013,14.38,7.58,
12/06/2013,14.38,7.63,
13/06/2013,14.38,7.63,
14/06/2013,15.00,7.72,
17/06/2013,15.00,7.69,
18/06/2013,15.00,7.59,
19/06/2013,15.00,7.63,
20/06/2013,15.00,7.60,
21/06/2013,15.00,7.57,
24/06/2013,14.75,7.56,
25/06/2013,14.75,7.63,
26/06/2013,14.75,7.61,
27/06/2013,14.75,7.61,
28/06/2013,15.15,7.55,
01/07/2013,15.15,7.69,
02/07/2013,15.15,7.68,
03/07/2013,15.15,7.72,
04/07/2013,15.15,7.67,
05/07/2013,15.15,7.66,
08/07/2013,15.32,7.66,
09/07/2013,15.32,7.69,
10/07/2013,15.32,7.72,
11/07/2013,15.32,7.69,
12/07/2013,15.32,7.66,
15/07/2013,16.15,7.64,
16/07/2013,16.15,7.61,
17/07/2013,16.15,7.64,
18/07/2013,16.15,7.65,
19/07/2013,16.25,7.65,
22/07/2013,16.25,7.65,
23/07/2013,16.25,7.68,
24/07/2013,16.25,7.66,
25/07/2013,16.25,7.66,
26/07/2013,16.25,7.66,
29/07/2013,16.25,7.66,
30/07/2013,16.25,7.62,
31/07/2013,16.20,7.66,
01/08/2013,16.20,7.57,
02/08/2013,16.20,7.68,
05/08/2013,16.20,7.52,
06/08/2013,16.20,7.56,
07/08/2013,16.20,7.62,
08/08/2013,16.20,7.59,
09/08/2013,16.20,7.58,
12/08/2013,16.20,7.50,
13/08/2013,16.20,7.52,
14/08/2013,15.50,7.55,
15/08/2013,15.50,7.54,
16/08/2013,15.25,7.51,
19/08/2013,15.25,7.51,
20/08/2013,15.25,7.49,
21/08/2013,15.25,7.50,
22/08/2013,15.25,7.53,
23/08/2013,15.25,7.44,
26/08/2013,15.25,7.44,
27/08/2013,15.25,7.47,
28/08/2013,15.25,7.49,
29/08/2013,15.25,7.50,
30/08/2013,15.10,7.47,
02/09/2013,15.10,7.71,
03/09/2013,15.10,7.73,
04/09/2013,15.10,7.73,
05/09/2013,15.10,7.77,
06/09/2013,15.10,7.80,
09/09/2013,15.10,7.83,
10/09/2013,15.10,7.81,
11/09/2013,15.10,7.85,
12/09/2013,15.10,7.91,
13/09/2013,15.10,7.84,
16/09/2013,15.10,7.84,
17/09/2013,15.10,7.78,
18/09/2013,15.10,7.80,
19/09/2013,15.10,7.78,
20/09/2013,15.10,7.81,
23/09/2013,15.30,7.75,
24/09/2013,15.30,7.69,
25/09/2013,15.30,7.72,
26/09/2013,15.30,7.74,
27/09/2013,15.63,7.77,
30/09/2013,15.63,7.75,
01/10/2013,15.63,7.91,
02/10/2013,15.63,7.91,
03/10/2013,15.63,7.88,
04/10/2013,15.88,7.91,
07/10/2013,15.88,8.00,
08/10/2013,15.88,8.00,
09/10/2013,15.88,8.00,
10/10/2013,15.88,7.97,
11/10/2013,16.20,7.96,
14/10/2013,16.20,7.96,
15/10/2013,16.20,7.96,
16/10/2013,16.20,7.94,
17/10/2013,17.00,7.90,
18/10/2013,17.00,7.92,
21/10/2013,17.00,7.88,
22/10/2013,17.00,7.87,
23/10/2013,17.00,7.90,
24/10/2013,17.00,7.88,
25/10/2013,17.20,7.86,
28/10/2013,17.20,7.83,
29/10/2013,17.20,7.75,
30/10/2013,17.20,7.77,
31/10/2013,17.20,7.68,
01/11/2013,17.50,7.94,
04/11/2013,17.50,7.96,
05/11/2013,17.50,8.04,
06/11/2013,17.50,8.04,
07/11/2013,17.50,8.00,
08/11/2013,17.50,8.07,
11/11/2013,17.50,8.11,
12/11/2013,17.50,8.11,
13/11/2013,17.50,8.15,
14/11/2013,17.50,8.21,
15/11/2013,17.50,8.29,
18/11/2013,17.50,8.28,
19/11/2013,17.50,8.21,
20/11/2013,17.50,8.16,
21/11/2013,17.50,8.13,
22/11/2013,18.70,8.13,
25/11/2013,18.70,8.13,
26/11/2013,18.70,8.13,
27/11/2013,18.70,8.22,
28/11/2013,18.70,8.25,
29/11/2013,18.85,8.29,
02/12/2013,18.85,8.38,
03/12/2013,18.85,8.55,
04/12/2013,18.85,8.41,
05/12/2013,18.85,8.35,
06/12/2013,18.85,8.29,
09/12/2013,18.85,8.21,
10/12/2013,18.85,8.18,
11/12/2013,18.85,8.13,
12/12/2013,18.85,8.11,
13/12/2013,18.85,8.13,
16/12/2013,18.95,8.15,
17/12/2013,18.95,8.14,
18/12/2013,18.95,8.13,
19/12/2013,18.77,8.17,
20/12/2013,18.77,8.15,
23/12/2013,18.77,8.13,
24/12/2013,18.77,8.13,
25/12/2013,18.77,8.15,
26/12/2013,18.77,8.15,
27/12/2013,18.60,8.11,
30/12/2013,18.60,8.00,
31/12/2013,18.60,7.94,
01/01/2014,18.60,8.07,
02/01/2014,18.60,8.00,
03/01/2014,18.55,7.97,
06/01/2014,18.55,8.01,
07/01/2014,18.55,7.99,
08/01/2014,18.55,8.06,
09/01/2014,18.55,8.00,
10/01/2014,18.55,7.89,
13/01/2014,18.55,7.75,
14/01/2014,18.55,7.74,
15/01/2014,19.00,7.77,
16/01/2014,19.00,7.79,
17/01/2014,19.00,7.74,
20/01/2014,19.00,7.77,
21/01/2014,19.00,7.80,
22/01/2014,19.00,7.78,
23/01/2014,19.00,7.76,
24/01/2014,19.00,7.81,
27/01/2014,19.00,7.60,
28/01/2014,19.00,7.59,
29/01/2014,19.00,7.52,
30/01/2014,19.00,7.45,
31/01/2014,19.00,7.33,
03/02/2014,19.00,7.22,
04/02/2014,19.00,7.16,
05/02/2014,19.00,7.16,
06/02/2014,19.00,7.25,
07/02/2014,20.50,7.27,
10/02/2014,20.50,7.21,
11/02/2014,20.50,7.19,
12/02/2014,20.50,7.29,
13/02/2014,20.50,7.11,
14/02/2014,20.50,7.06,
17/02/2014,20.50,7.09,
18/02/2014,20.50,7.06,
19/02/2014,20.50,7.00,
20/02/2014,20.50,6.97,
21/02/2014,19.60,6.90,
24/02/2014,19.60,6.78,
25/02/2014,19.60,6.71,
26/02/2014,19.60,6.72,
27/02/2014,19.60,6.80,
28/02/2014,18.10,6.68,
03/03/2014,18.10,7.40,
04/03/2014,18.10,6.97,
05/03/2014,18.10,6.98,
06/03/2014,18.10,7.03,
07/03/2014,16.50,7.08,
10/03/2014,16.50,6.93,
11/03/2014,16.50,6.86,
12/03/2014,16.50,6.90,
13/03/2014,16.50,6.93,
14/03/2014,15.70,7.00,
17/03/2014,15.70,6.90,
18/03/2014,15.70,6.84,
19/03/2014,15.70,6.72,
20/03/2014,15.70,6.68,
21/03/2014,16.50,6.62,
24/03/2014,16.50,6.53,
25/03/2014,16.50,6.49,
26/03/2014,16.50,6.51,
27/03/2014,16.50,6.43,
28/03/2014,15.50,6.33,
31/03/2014,15.50,6.16,
01/04/2014,15.50,6.02,
02/04/2014,15.50,5.90,
03/04/2014,15.50,5.83,
04/04/2014,15.70,5.88,
07/04/2014,15.70,6.15,
08/04/2014,15.70,6.11,
09/04/2014,15.70,6.18,
10/04/2014,15.70,6.18,
11/04/2014,15.10,6.26,
14/04/2014,15.10,6.41,
15/04/2014,15.10,6.36,
16/04/2014,15.10,6.35,
17/04/2014,15.10,6.10,
18/04/2014,14.85,6.11,
21/04/2014,14.85,6.11,
22/04/2014,14.85,5.95,
23/04/2014,14.85,5.90,
24/04/2014,14.85,5.91,
25/04/2014,14.85,5.90,
28/04/2014,14.85,5.81,
29/04/2014,14.85,5.74,
30/04/2014,14.85,5.64,
01/05/2014,14.85,5.71,
02/05/2014,14.40,5.90,
05/05/2014,14.40,5.91,
06/05/2014,14.40,5.70,
07/05/2014,14.40,5.63,
08/05/2014,14.40,5.77,
09/05/2014,14.00,5.80,
12/05/2014,14.00,5.83,
13/05/2014,14.00,5.80,
14/05/2014,14.00,5.74,
15/05/2014,14.00,5.71,
16/05/2014,14.00,5.69,
19/05/2014,14.00,5.67,
20/05/2014,14.00,5.67,
21/05/2014,14.00,5.71,
22/05/2014,14.00,5.73,
23/05/2014,13.50,5.76,
26/05/2014,13.50,5.76,
27/05/2014,13.50,5.64,
28/05/2014,13.50,5.54,
29/05/2014,13.50,5.50,
30/05/2014,13.10,5.50,
02/06/2014,13.10,5.38,
03/06/2014,13.10,5.34,
04/06/2014,13.10,5.17,
05/06/2014,13.10,5.11,
06/06/2014,12.70,4.97,
09/06/2014,12.70,5.06,
10/06/2014,12.70,5.06,
11/06/2014,12.70,5.10,
12/06/2014,12.70,5.09,
13/06/2014,12.25,5.32,
16/06/2014,12.25,5.38,
17/06/2014,12.25,5.23,
18/06/2014,12.25,5.13,
19/06/2014,12.25,5.11,
20/06/2014,12.00,5.13,
23/06/2014,12.00,5.06,
24/06/2014,12.00,5.10,
25/06/2014,12.00,5.09,
26/06/2014,12.00,5.05,
27/06/2014,11.50,5.05,
30/06/2014,11.50,4.88,
01/07/2014,11.50,4.95,
02/07/2014,11.50,4.92,
03/07/2014,11.05,4.79,
04/07/2014,11.05,4.68,
07/07/2014,11.05,4.52,
08/07/2014,11.05,4.65,
09/07/2014,11.05,4.56,
10/07/2014,11.05,4.51,
11/07/2014,10.80,4.51,
14/07/2014,10.80,4.72,
15/07/2014,10.80,4.70,
16/07/2014,10.80,4.73,
17/07/2014,10.80,5.06,
18/07/2014,10.60,4.84,
21/07/2014,10.60,4.78,
22/07/2014,10.60,4.80,
23/07/2014,10.60,4.91,
24/07/2014,10.60,5.01,
25/07/2014,10.50,5.35,
28/07/2014,10.50,5.50,
29/07/2014,10.50,5.31,
30/07/2014,10.50,5.11,
31/07/2014,10.50,5.09,
01/08/2014,10.50,5.20,
04/08/2014,10.50,5.09,
05/08/2014,10.50,5.19,
06/08/2014,10.50,5.27,
07/08/2014,10.50,5.30,
08/08/2014,10.60,5.31,
11/08/2014,10.60,5.30,
12/08/2014,10.60,5.23,
13/08/2014,10.60,5.29,
14/08/2014,10.60,5.37,
15/08/2014,10.80,5.58,
18/08/2014,10.80,5.32,
19/08/2014,10.80,5.26,
20/08/2014,10.80,5.08,
21/08/2014,10.80,5.07,
22/08/2014,10.80,5.27,
25/08/2014,12.80,5.26,
26/08/2014,12.80,5.25,
27/08/2014,12.80,5.30,
28/08/2014,12.80,5.55,
29/08/2014,12.80,5.74,
01/09/2014,12.80,6.67,
02/09/2014,12.80,6.44,
03/09/2014,12.80,6.37,
04/09/2014,12.80,6.46,
05/09/2014,13.30,6.40,
08/09/2014,13.30,6.36,
09/09/2014,13.30,6.22,
10/09/2014,13.30,6.28,
11/09/2014,13.30,6.30,
12/09/2014,13.80,6.30,
15/09/2014,13.80,6.48,
16/09/2014,13.80,6.40,
17/09/2014,13.80,6.42,
18/09/2014,13.80,6.52,
19/09/2014,14.80,6.49,
22/09/2014,14.80,6.45,
23/09/2014,14.80,6.32,
24/09/2014,14.80,6.42,
25/09/2014,14.80,6.52,
26/09/2014,15.00,6.38,
29/09/2014,15.00,6.52,
30/09/2014,15.00,6.45,
01/10/2014,15.00,7.15,
02/10/2014,15.00,7.02,
03/10/2014,14.60,6.90,
06/10/2014,14.60,6.85,
07/10/2014,14.60,6.81,
08/10/2014,14.60,6.92,
09/10/2014,14.60,6.87,
10/10/2014,14.20,6.78,
13/10/2014,14.20,6.68,
14/10/2014,14.20,6.65,
15/10/2014,14.20,6.64,
16/10/2014,14.20,6.73,
17/10/2014,14.40,6.62,
20/10/2014,14.40,6.59,
21/10/2014,14.40,6.60,
22/10/2014,14.40,6.70,
23/10/2014,14.40,6.62,
24/10/2014,13.60,6.58,
27/10/2014,13.60,6.56,
28/10/2014,13.60,6.62,
29/10/2014,13.60,6.67,
30/10/2014,13.60,6.56,
31/10/2014,13.00,6.71,
03/11/2014,13.00,6.78,
04/11/2014,13.00,6.71,
05/11/2014,13.00,6.70,
06/11/2014,13.00,6.68,
07/11/2014,12.90,6.81,
10/11/2014,12.90,6.80,
11/11/2014,12.90,6.73,
12/11/2014,12.90,6.69,
13/11/2014,12.90,6.61,
14/11/2014,10.80,6.54,
17/11/2014,10.80,6.69,
18/11/2014,10.80,6.70,
19/11/2014,10.80,6.68,
20/11/2014,10.80,6.76,
21/11/2014,10.10,6.84,
24/11/2014,10.10,6.98,
25/11/2014,10.10,7.24,
26/11/2014,10.10,7.23,
27/11/2014,10.10,7.08,
28/11/2014,9.50,7.11,
01/12/2014,9.50,7.02,
02/12/2014,9.50,6.94,
03/12/2014,9.50,6.91,
04/12/2014,9.50,6.86,
05/12/2014,9.50,6.84,
08/12/2014,9.50,6.76,
09/12/2014,9.50,6.81,
10/12/2014,9.50,6.71,
11/12/2014,9.50,6.69,
12/12/2014,9.80,6.67,
15/12/2014,9.80,6.52,
16/12/2014,9.80,6.59,
17/12/2014,9.80,6.56,
18/12/2014,9.80,6.62,
19/12/2014,10.00,6.58,
22/12/2014,10.00,6.48,
23/12/2014,10.00,6.56,
24/12/2014,10.00,6.62,
25/12/2014,10.00,6.62,
26/12/2014,10.10,6.58,
29/12/2014,10.10,6.31,
30/12/2014,10.10,6.21,
31/12/2014,10.10,6.14,
01/01/2015,10.10,6.62,
02/01/2015,10.10,5.98,
05/01/2015,10.10,5.93,
06/01/2015,10.10,5.70,
07/01/2015,10.10,5.71,
08/01/2015,10.10,5.73,
09/01/2015,9.90,5.70,
12/01/2015,9.90,5.84,
13/01/2015,9.90,5.98,
14/01/2015,9.90,6.00,
15/01/2015,9.90,5.91,
16/01/2015,9.00,5.79,
19/01/2015,9.00,5.61,
20/01/2015,9.00,5.68,
21/01/2015,9.00,5.69,
22/01/2015,9.00,5.72,
23/01/2015,8.00,5.71,
26/01/2015,8.00,5.77,
27/01/2015,8.00,5.83,
28/01/2015,8.00,5.93,
29/01/2015,8.00,6.04,
30/01/2015,7.20,5.91,
02/02/2015,7.20,5.97,
03/02/2015,7.20,5.93,
04/02/2015,7.20,6.01,
05/02/2015,7.20,6.27,
06/02/2015,6.90,6.19,
09/02/2015,6.90,6.54,
10/02/2015,6.90,6.45,
11/02/2015,6.90,6.78,
12/02/2015,6.90,7.14,
13/02/2015,6.70,6.89,
16/02/2015,6.70,6.64,
17/02/2015,6.70,6.62,
18/02/2015,6.70,6.61,
19/02/2015,6.70,6.42,
20/02/2015,6.70,6.48,
23/02/2015,6.70,6.38,
24/02/2015,6.70,6.54,
25/02/2015,6.70,6.82,
26/02/2015,6.70,6.90,
27/02/2015,7.65,6.75,
02/03/2015,7.65,6.52,
03/03/2015,7.65,6.42,
04/03/2015,7.65,6.52,
05/03/2015,7.65,6.18,
06/03/2015,7.75,6.22,
09/03/2015,7.75,6.34,
10/03/2015,7.75,6.39,
11/03/2015,7.75,6.46,
12/03/2015,7.75,6.38,
13/03/2015,7.75,6.35,
16/03/2015,7.75,6.25,
17/03/2015,7.75,6.21,
18/03/2015,7.75,6.27,
19/03/2015,7.75,6.18,
20/03/2015,7.70,6.17,
23/03/2015,7.70,6.15,
24/03/2015,7.70,6.19,
25/03/2015,7.70,6.17,
26/03/2015,7.70,6.40,
27/03/2015,7.50,6.37,
30/03/2015,7.50,6.37,
31/03/2015,7.50,6.40,
01/04/2015,7.50,6.43,
02/04/2015,7.50,6.37,
03/04/2015,7.45,6.37,
06/04/2015,7.45,6.37,
07/04/2015,7.45,6.30,
08/04/2015,7.45,6.34,
09/04/2015,7.45,6.41,
10/04/2015,7.10,6.37,
13/04/2015,7.10,6.45,
14/04/2015,7.10,6.32,
15/04/2015,7.10,6.38,
16/04/2015,7.10,6.30,
17/04/2015,7.10,6.18,
20/04/2015,7.10,6.20,
21/04/2015,7.10,6.26,
22/04/2015,7.10,6.22,
23/04/2015,7.10,6.15,
24/04/2015,7.10,6.21,
27/04/2015,7.10,6.15,
28/04/2015,7.10,6.12,
29/04/2015,7.10,6.12,
30/04/2015,7.10,6.08,
01/05/2015,7.40,5.84,
04/05/2015,7.40,5.91,
05/05/2015,7.40,5.96,
06/05/2015,7.40,5.93,
07/05/2015,7.40,5.91,
08/05/2015,7.40,5.96,
11/05/2015,7.40,6.15,
12/05/2015,7.40,6.10,
13/05/2015,7.40,6.04,
14/05/2015,7.40,6.01,
15/05/2015,7.50,5.98,
18/05/2015,7.50,5.94,
19/05/2015,7.50,5.96,
20/05/2015,7.50,5.99,
21/05/2015,7.50,5.99,
22/05/2015,7.60,5.96,
25/05/2015,7.60,5.97,
26/05/2015,7.60,6.00,
27/05/2015,7.60,6.00,
28/05/2015,7.60,6.04,
29/05/2015,7.60,5.98,
01/06/2015,7.60,5.90,
02/06/2015,7.60,5.91,
03/06/2015,7.60,5.91,
04/06/2015,7.60,5.86,
05/06/2015,7.70,5.91,
08/06/2015,7.70,5.96,
09/06/2015,7.70,5.96,
10/06/2015,7.70,5.96,
11/06/2015,7.70,5.88,
12/06/2015,7.40,5.88,
15/06/2015,7.40,5.86,
16/06/2015,7.40,5.91,
17/06/2015,7.40,5.88,
18/06/2015,7.30,5.91,
19/06/2015,7.30,5.95,
22/06/2015,7.30,6.05,
23/06/2015,7.30,6.06,
24/06/2015,7.30,6.02,
25/06/2015,7.30,6.01,
26/06/2015,7.30,5.99,
29/06/2015,7.30,5.96,
30/06/2015,7.30,6.06,
01/07/2015,7.30,6.06,
02/07/2015,7.30,6.12,
03/07/2015,7.55,6.08,
06/07/2015,7.55,6.07,
07/07/2015,7.55,6.05,
08/07/2015,7.55,6.01,
09/07/2015,7.55,6.08,
10/07/2015,7.70,6.10,
13/07/2015,7.70,6.14,
14/07/2015,7.70,6.12,
15/07/2015,7.70,6.15,
16/07/2015,7.70,6.17,
17/07/2015,7.80,6.14,
20/07/2015,7.80,6.13,
21/07/2015,7.80,6.10,
22/07/2015,7.80,6.05,
23/07/2015,7.80,6.01,
24/07/2015,8.10,6.01,
27/07/2015,8.10,6.01,
28/07/2015,8.10,6.08,
29/07/2015,8.10,6.07,
30/07/2015,8.10,6.12,
31/07/2015,7.95,5.98,
03/08/2015,7.95,5.96,
04/08/2015,7.95,5.91,
05/08/2015,7.95,5.92,
06/08/2015,7.95,5.92,
07/08/2015,8.00,5.86,
10/08/2015,8.00,5.86,
11/08/2015,8.00,5.85,
12/08/2015,8.00,5.72,
13/08/2015,8.00,5.70,
14/08/2015,8.00,5.70,
17/08/2015,8.00,5.65,
18/08/2015,8.00,5.71,
19/08/2015,8.00,5.61,
20/08/2015,8.00,5.55,
21/08/2015,7.90,5.54,
24/08/2015,7.90,5.35,
25/08/2015,7.90,5.50,
26/08/2015,7.90,5.46,
27/08/2015,7.90,5.57,
28/08/2015,7.60,5.62,
31/08/2015,7.60,5.62,
01/09/2015,7.60,5.69,
02/09/2015,7.60,5.72,
03/09/2015,7.60,5.76,
04/09/2015,7.50,5.69,
07/09/2015,7.50,5.67,
08/09/2015,7.50,5.67,
09/09/2015,7.50,5.66,
10/09/2015,7.50,5.67,
11/09/2015,7.20,5.65,
14/09/2015,7.20,5.60,
15/09/2015,7.20,5.57,
16/09/2015,7.20,5.64,
17/09/2015,7.20,5.58,
18/09/2015,6.90,5.54,
21/09/2015,6.90,5.50,
22/09/2015,6.90,5.54,
23/09/2015,6.90,5.51,
24/09/2015,6.90,5.45,
25/09/2015,6.80,5.50,
28/09/2015,6.80,5.41,
29/09/2015,6.80,5.44,
30/09/2015,6.80,5.39,
01/10/2015,6.80,5.38,
02/10/2015,6.60,5.34,
05/10/2015,6.60,5.41,
06/10/2015,6.60,5.53,
07/10/2015,6.60,5.47,
08/10/2015,6.60,5.53,
09/10/2015,6.80,5.47,
12/10/2015,6.80,5.40,
13/10/2015,6.80,5.31,
14/10/2015,6.80,5.30,
15/10/2015,6.80,5.33,
16/10/2015,6.80,5.33,
19/10/2015,6.80,5.39,
20/10/2015,6.80,5.33,
21/10/2015,6.80,5.30,
22/10/2015,6.80,5.32,
23/10/2015,7.10,5.35,
26/10/2015,7.10,5.28,
27/10/2015,7.10,5.30,
28/10/2015,7.10,5.32,
29/10/2015,7.10,5.32,
30/10/2015,7.10,5.27,
02/11/2015,7.10,5.23,
03/11/2015,7.10,5.23,
04/11/2015,7.10,5.26,
05/11/2015,7.10,5.21,
06/11/2015,7.50,5.23,
09/11/2015,7.50,5.11,
10/11/2015,7.50,5.05,
11/11/2015,7.50,4.99,
12/11/2015,7.50,4.93,
13/11/2015,7.70,4.98,
16/11/2015,7.70,5.09,
17/11/2015,7.70,5.25,
18/11/2015,7.70,5.10,
19/11/2015,7.70,5.10,
20/11/2015,7.80,5.06,
23/11/2015,7.80,5.05,
24/11/2015,7.80,5.10,
25/11/2015,7.80,5.16,
26/11/2015,7.80,5.19,
27/11/2015,7.30,5.16,
30/11/2015,7.30,5.25,
01/12/2015,7.30,5.32,
02/12/2015,7.30,5.18,
03/12/2015,7.30,5.10,
04/12/2015,7.20,5.11,
07/12/2015,7.20,4.94,
08/12/2015,7.20,4.92,
09/12/2015,7.20,4.84,
10/12/2015,7.20,4.82,
11/12/2015,7.30,4.76,
14/12/2015,7.30,4.66,
15/12/2015,7.30,4.70,
16/12/2015,7.30,4.57,
17/12/2015,7.30,4.60,
18/12/2015,6.95,4.51,
21/12/2015,6.95,4.43,
22/12/2015,6.95,4.39,
23/12/2015,6.95,4.26,
24/12/2015,6.90,4.23,
25/12/2015,6.90,4.23,
28/12/2015,6.90,4.23,
29/12/2015,6.90,4.53,
30/12/2015,6.90,4.36,
31/12/2015,6.90,4.33,
01/01/2016,6.90,4.33,
04/01/2016,6.90,4.28,
05/01/2016,6.90,4.34,
06/01/2016,6.90,4.48,
07/01/2016,6.90,4.51,
08/01/2016,6.50,4.29,
11/01/2016,6.50,4.28,
12/01/2016,6.50,4.10,
13/01/2016,6.50,4.19,
14/01/2016,6.50,4.04,
15/01/2016,5.60,3.90,
18/01/2016,5.60,3.94,
19/01/2016,5.60,3.90,
20/01/2016,5.60,3.74,
21/01/2016,5.60,3.74,
22/01/2016,5.10,3.93,
25/01/2016,5.10,3.72,
26/01/2016,5.10,3.81,
27/01/2016,5.10,3.96,
28/01/2016,5.10,3.97,
29/01/2016,4.90,3.88,
01/02/2016,4.90,3.76,
02/02/2016,4.90,3.77,
03/02/2016,4.90,3.76,
04/02/2016,4.90,3.61,
05/02/2016,5.75,3.59,
08/02/2016,5.75,3.59,
09/02/2016,5.75,3.52,
10/02/2016,5.75,3.52,
11/02/2016,5.75,3.47,
12/02/2016,5.50,3.52,
15/02/2016,5.50,3.46,
16/02/2016,5.50,3.46,
17/02/2016,5.50,3.48,
18/02/2016,5.50,3.52,
19/02/2016,4.80,3.54,
22/02/2016,4.80,3.66,
23/02/2016,4.80,3.61,
24/02/2016,4.80,3.55,
25/02/2016,4.80,3.50,
26/02/2016,4.50,3.58,
29/02/2016,4.50,3.64,
01/03/2016,4.50,3.58,
02/03/2016,4.50,3.56,
03/03/2016,4.50,3.52,
04/03/2016,4.30,3.47,
07/03/2016,4.30,3.46,
08/03/2016,4.30,3.50,
09/03/2016,4.30,3.55,
10/03/2016,4.30,3.49,
11/03/2016,4.55,3.52,
14/03/2016,4.55,3.51,
15/03/2016,4.55,3.53,
16/03/2016,4.55,3.50,
17/03/2016,4.55,3.55,
18/03/2016,4.50,3.54,
21/03/2016,4.50,3.50,
22/03/2016,4.50,3.50,
23/03/2016,4.50,3.52,
24/03/2016,4.50,3.53,
25/03/2016,4.50,3.53,
28/03/2016,4.50,3.53,
29/03/2016,4.50,3.53,
30/03/2016,4.50,3.54,
31/03/2016,4.50,3.55,
01/04/2016,4.30,3.39,
04/04/2016,4.30,3.31,
05/04/2016,4.30,3.32,
06/04/2016,4.30,3.34,
07/04/2016,4.30,3.26,
08/04/2016,4.20,3.28,
11/04/2016,4.20,3.28,
12/04/2016,4.20,3.30,
13/04/2016,4.20,3.31,
14/04/2016,4.20,3.29,
15/04/2016,4.00,3.29,
18/04/2016,4.00,3.29,
19/04/2016,4.00,3.29,
20/04/2016,4.00,3.50,
21/04/2016,4.00,3.50,
22/04/2016,4.40,3.80,
25/04/2016,4.40,3.77,
26/04/2016,4.40,4.09,
27/04/2016,4.40,4.07,
28/04/2016,4.40,3.72,
29/04/2016,4.75,3.66,
02/05/2016,4.75,3.60,
03/05/2016,4.75,3.59,
04/05/2016,4.75,3.63,
05/05/2016,4.75,3.74,
06/05/2016,4.55,3.80,
09/05/2016,4.55,3.81,
10/05/2016,4.55,3.82,
11/05/2016,4.55,3.86,
12/05/2016,4.55,3.77,
13/05/2016,4.65,3.77,
16/05/2016,4.65,3.87,
17/05/2016,4.65,3.85,
18/05/2016,4.65,3.85,
19/05/2016,4.65,3.81,
20/05/2016,4.65,3.82,
23/05/2016,4.65,3.78,
24/05/2016,4.65,3.81,
25/05/2016,4.65,3.90,
26/05/2016,4.65,3.97,
27/05/2016,4.70,4.08,
30/05/2016,4.70,4.09,
31/05/2016,4.70,4.16,
01/06/2016,4.70,4.15,
02/06/2016,4.70,4.26,
03/06/2016,4.90,4.15,
06/06/2016,4.90,4.25,
07/06/2016,4.90,4.30,
08/06/2016,4.90,4.23,
09/06/2016,4.90,4.12,
10/06/2016,5.15,4.07,
13/06/2016,5.15,4.06,
14/06/2016,5.15,4.16,
15/06/2016,5.15,4.12,
16/06/2016,5.15,4.17,
17/06/2016,5.05,4.23,
20/06/2016,5.05,4.45,
21/06/2016,5.05,4.32,
22/06/2016,5.05,4.46,
23/06/2016,5.05,4.46,
24/06/2016,5.30,4.26,
27/06/2016,5.30,4.17,
28/06/2016,5.30,4.16,
29/06/2016,5.30,4.23,
30/06/2016,5.30,4.08,
01/07/2016,5.50,4.20,
04/07/2016,5.50,4.26,
05/07/2016,5.50,4.16,
06/07/2016,5.50,4.16,
07/07/2016,5.50,4.18,
08/07/2016,5.25,4.15,
11/07/2016,5.25,4.12,
12/07/2016,5.25,4.21,
13/07/2016,5.25,4.17,
14/07/2016,5.25,4.20,
15/07/2016,5.75,4.18,
18/07/2016,5.75,4.20,
19/07/2016,5.75,4.22,
20/07/2016,5.75,4.30,
21/07/2016,5.75,4.39,
22/07/2016,6.10,4.33,
25/07/2016,6.10,4.35,
26/07/2016,6.10,4.26,
27/07/2016,6.10,4.22,
28/07/2016,6.10,4.13,
29/07/2016,6.15,4.04,
01/08/2016,6.15,4.10,
02/08/2016,6.15,4.04,
03/08/2016,6.15,4.04,
04/08/2016,6.15,4.02,
05/08/2016,5.80,3.88,
08/08/2016,5.80,3.80,
09/08/2016,5.80,3.77,
10/08/2016,5.80,3.76,
11/08/2016,5.80,3.72,
12/08/2016,5.80,3.58,
15/08/2016,5.80,3.39,
16/08/2016,5.60,3.50,
17/08/2016,5.60,3.52,
18/08/2016,5.60,3.42,
19/08/2016,5.50,3.14,
22/08/2016,5.50,3.31,
23/08/2016,5.50,3.39,
24/08/2016,5.50,3.25,
25/08/2016,5.50,3.25,
26/08/2016,5.50,3.36,
29/08/2016,5.50,3.28,
30/08/2016,5.50,3.36,
31/08/2016,5.50,3.36,
01/09/2016,5.50,3.68,
02/09/2016,5.30,3.72,
05/09/2016,5.30,3.65,
06/09/2016,5.30,3.65,
07/09/2016,5.30,3.52,
08/09/2016,5.30,3.52,
09/09/2016,5.50,3.47,
12/09/2016,5.50,3.46,
13/09/2016,5.50,3.53,
14/09/2016,5.50,3.50,
15/09/2016,5.50,3.63,
16/09/2016,5.60,3.69,
19/09/2016,5.60,3.94,
20/09/2016,5.60,3.81,
21/09/2016,5.60,3.93,
22/09/2016,5.60,3.97,
23/09/2016,5.60,4.09,
26/09/2016,5.75,4.03,
27/09/2016,5.75,3.88,
28/09/2016,5.75,4.10,
29/09/2016,5.75,4.12,
30/09/2016,6.10,4.48,
03/10/2016,6.10,4.54,
04/10/2016,6.10,4.70,
05/10/2016,6.10,4.70,
06/10/2016,6.10,4.84,
07/10/2016,6.20,4.71,
10/10/2016,6.20,4.64,
11/10/2016,6.20,4.48,
12/10/2016,6.20,4.54,
13/10/2016,6.20,4.66,
14/10/2016,6.55,4.73,
17/10/2016,6.55,4.79,
18/10/2016,6.55,4.92,
19/10/2016,6.55,4.89,
20/10/2016,6.55,4.96,
21/10/2016,6.80,4.95,
24/10/2016,6.80,5.06,
25/10/2016,6.80,5.14,
26/10/2016,6.80,5.01,
27/10/2016,6.80,5.10,
28/10/2016,6.80,5.11,
31/10/2016,6.95,5.25,
01/11/2016,6.95,5.01,
02/11/2016,6.95,5.54,
03/11/2016,6.95,5.47,
04/11/2016,7.20,5.33,
07/11/2016,7.20,5.22,
08/11/2016,7.20,5.19,
09/11/2016,7.20,5.28,
10/11/2016,7.20,5.30,
11/11/2016,7.20,5.28,
14/11/2016,7.30,5.14,
15/11/2016,7.30,5.25,
16/11/2016,7.30,5.16,
17/11/2016,7.30,5.20,
18/11/2016,7.30,5.25,
21/11/2016,7.30,5.10,
22/11/2016,7.30,5.17,
23/11/2016,7.30,5.17,
24/11/2016,7.30,5.20,
25/11/2016,7.10,5.17,
28/11/2016,7.10,5.28,
29/11/2016,7.10,5.29,
30/11/2016,7.10,5.35,
01/12/2016,7.10,5.27,
02/12/2016,7.40,5.14,
05/12/2016,7.40,4.91,
06/12/2016,7.40,4.76,
07/12/2016,7.40,4.75,
08/12/2016,8.10,4.81,
09/12/2016,8.10,4.82,
12/12/2016,8.10,4.96,
13/12/2016,8.10,5.04,
14/12/2016,8.10,4.99,
15/12/2016,8.10,5.03,
16/12/2016,9.30,5.11,
19/12/2016,9.30,5.08,
20/12/2016,9.30,5.12,
21/12/2016,9.30,5.12,
22/12/2016,9.30,5.33,
23/12/2016,9.50,5.29,
26/12/2016,9.50,5.29,
27/12/2016,9.50,5.29,
28/12/2016,9.50,5.49,
29/12/2016,9.50,5.57,
30/12/2016,9.50,5.70,
02/01/2017,9.50,5.64,
03/01/2017,9.50,5.35,
04/01/2017,9.50,5.57,
05/01/2017,9.50,5.51,
06/01/2017,9.75,5.45,
09/01/2017,9.75,5.63,
10/01/2017,9.75,5.85,
11/01/2017,9.75,6.02,
12/01/2017,9.75,5.91,
13/01/2017,9.50,5.83,
16/01/2017,9.50,5.54,
17/01/2017,9.50,5.79,
18/01/2017,9.50,5.77,
19/01/2017,9.50,5.83,
20/01/2017,8.00,6.04,
23/01/2017,8.00,6.20,
24/01/2017,8.00,6.02,
25/01/2017,8.00,5.82,
26/01/2017,8.00,5.86,
27/01/2017,8.00,5.72,
30/01/2017,7.75,6.00,
31/01/2017,7.75,6.18,
01/02/2017,7.75,6.38,
02/02/2017,7.75,6.42,
03/02/2017,7.50,6.53,
06/02/2017,7.50,6.43,
07/02/2017,7.50,6.18,
08/02/2017,7.50,5.90,
09/02/2017,7.50,5.86,
10/02/2017,7.50,5.79,
13/02/2017,7.20,5.57,
14/02/2017,7.20,5.47,
15/02/2017,7.20,5.53,
16/02/2017,7.20,5.54,
17/02/2017,6.40,5.42,
20/02/2017,6.40,5.42,
21/02/2017,6.40,5.31,
22/02/2017,6.40,5.28,
23/02/2017,6.40,5.37,
24/02/2017,6.20,5.16,
27/02/2017,6.20,5.07,
28/02/2017,6.20,4.96,
01/03/2017,6.20,5.04,
02/03/2017,6.20,4.91,
03/03/2017,6.00,4.94,
06/03/2017,6.00,4.90,
07/03/2017,6.00,4.83,
08/03/2017,6.00,4.78,
09/03/2017,6.00,4.73,
10/03/2017,5.85,4.71,
13/03/2017,5.85,4.66,
14/03/2017,5.85,4.66,
15/03/2017,5.85,4.72,
16/03/2017,5.85,4.68,
17/03/2017,5.65,4.67,
20/03/2017,5.65,4.62,
21/03/2017,5.65,4.56,
22/03/2017,5.65,4.58,
23/03/2017,5.65,4.56,
24/03/2017,5.40,4.46,
27/03/2017,5.40,4.37,
28/03/2017,5.40,4.45,
29/03/2017,5.40,4.60,
30/03/2017,5.40,4.66,
31/03/2017,5.70,4.61,
03/04/2017,5.70,4.71,
04/04/2017,5.70,4.70,
05/04/2017,5.70,4.75,
06/04/2017,5.70,4.68,
07/04/2017,5.75,4.60,
10/04/2017,5.75,4.56,
11/04/2017,5.75,4.57,
12/04/2017,5.75,4.58,
13/04/2017,5.40,4.61,
14/04/2017,5.40,4.61,
17/04/2017,5.40,4.61,
18/04/2017,5.40,4.73,
19/04/2017,5.40,4.71,
20/04/2017,5.40,4.70,
21/04/2017,5.40,4.80,
24/04/2017,5.70,4.71,
25/04/2017,5.70,4.63,
26/04/2017,5.70,4.73,
27/04/2017,5.70,4.68,
28/04/2017,5.70,4.75,
01/05/2017,5.70,4.75,
02/05/2017,5.70,4.82,
03/05/2017,5.70,4.74,
04/05/2017,5.70,4.63,
05/05/2017,5.70,4.62,
08/05/2017,5.70,4.51,
09/05/2017,5.70,4.54,
10/05/2017,5.70,4.57,
11/05/2017,5.70,4.48,
12/05/2017,5.50,4.51,
15/05/2017,5.50,4.54,
16/05/2017,5.50,4.50,
17/05/2017,5.50,4.57,
18/05/2017,5.50,4.60,
19/05/2017,5.50,4.54,
22/05/2017,5.50,4.54,
23/05/2017,5.50,4.61,
24/05/2017,5.50,4.55,
25/05/2017,5.50,4.50,
26/05/2017,5.50,4.51,
29/05/2017,5.45,4.51,
30/05/2017,5.45,4.59,
31/05/2017,5.45,4.48,
01/06/2017,5.45,4.43,
02/06/2017,5.40,4.38,
05/06/2017,5.40,4.43,
06/06/2017,5.40,4.36,
07/06/2017,5.40,4.39,
08/06/2017,5.40,4.51,
09/06/2017,5.45,4.40,
12/06/2017,5.45,4.32,
13/06/2017,5.45,4.29,
14/06/2017,5.45,4.30,
15/06/2017,5.45,4.27,
16/06/2017,5.40,4.28,
19/06/2017,5.40,4.33,
20/06/2017,5.40,4.35,
21/06/2017,5.40,4.31,
22/06/2017,5.40,4.29,
23/06/2017,5.40,4.32,
26/06/2017,5.40,4.35,
27/06/2017,5.40,4.39,
28/06/2017,5.40,4.45,
29/06/2017,5.40,4.45,
30/06/2017,5.50,4.38,
03/07/2017,5.50,4.43,
04/07/2017,5.50,4.38,
05/07/2017,5.50,4.39,
06/07/2017,5.50,4.39,
07/07/2017,5.45,4.32,
10/07/2017,5.45,4.28,
11/07/2017,5.45,4.23,
12/07/2017,5.45,4.25,
13/07/2017,5.45,4.28,
14/07/2017,5.50,4.29,
17/07/2017,5.50,4.35,
18/07/2017,5.50,4.32,
19/07/2017,5.50,4.33,
20/07/2017,5.50,4.38,
21/07/2017,5.50,4.32,
24/07/2017,5.65,4.32,
25/07/2017,5.65,4.38,
26/07/2017,5.65,4.46,
27/07/2017,5.65,4.40,
28/07/2017,5.65,4.36,
31/07/2017,5.75,4.38,
01/08/2017,5.75,4.29,
02/08/2017,5.75,4.35,
03/08/2017,5.75,4.37,
04/08/2017,5.90,4.39,
07/08/2017,5.90,4.48,
08/08/2017,5.90,4.46,
09/08/2017,5.90,4.56,
10/08/2017,5.90,4.63,
11/08/2017,5.90,4.68,
14/08/2017,6.20,4.59,
15/08/2017,6.20,4.60,
16/08/2017,6.20,4.72,
17/08/2017,6.20,4.72,
18/08/2017,6.30,4.74,
21/08/2017,6.30,4.73,
22/08/2017,6.30,4.76,
23/08/2017,6.30,4.81,
24/08/2017,6.30,4.78,
25/08/2017,6.30,4.78,
28/08/2017,6.30,4.80,
29/08/2017,6.30,4.83,
30/08/2017,6.30,4.84,
31/08/2017,6.30,4.80,
01/09/2017,6.10,4.81,
04/09/2017,6.10,4.84,
05/09/2017,6.10,4.93,
06/09/2017,6.10,4.94,
07/09/2017,6.10,4.89,
08/09/2017,6.40,4.93,
11/09/2017,6.40,5.03,
12/09/2017,6.40,5.03,
13/09/2017,6.40,5.08,
14/09/2017,6.40,5.13,
15/09/2017,7.00,5.06,
18/09/2017,7.00,5.01,
19/09/2017,7.00,5.01,
20/09/2017,7.00,4.95,
21/09/2017,7.00,4.91,
22/09/2017,7.60,4.88,
25/09/2017,7.60,5.11,
26/09/2017,7.60,5.07,
27/09/2017,7.60,5.11,
28/09/2017,7.60,5.13,
29/09/2017,8.40,5.13,
02/10/2017,8.40,5.18,
03/10/2017,8.40,5.25,
04/10/2017,8.40,5.25,
05/10/2017,8.40,5.31,
06/10/2017,8.50,5.32,
09/10/2017,8.50,5.33,
10/10/2017,8.50,5.29,
11/10/2017,8.50,5.28,
12/10/2017,8.50,5.25,
13/10/2017,8.55,5.27,
16/10/2017,8.55,5.30,
17/10/2017,8.55,5.30,
18/10/2017,8.55,5.38,
19/10/2017,8.55,5.30,
20/10/2017,8.70,5.21,
23/10/2017,8.70,5.19,
24/10/2017,8.70,5.17,
25/10/2017,8.70,5.20,
26/10/2017,8.70,5.16,
27/10/2017,9.00,5.18,
30/10/2017,9.00,5.18,
31/10/2017,9.00,5.27,
01/11/2017,9.00,5.42,
02/11/2017,9.00,5.42,
03/11/2017,9.15,5.36,
06/11/2017,9.15,5.54,
07/11/2017,9.15,5.64,
08/11/2017,9.15,5.67,
09/11/2017,9.15,5.69,
10/11/2017,9.45,5.79,
13/11/2017,9.45,5.78,
14/11/2017,9.45,5.61,
15/11/2017,9.45,5.59,
16/11/2017,9.45,5.57,
17/11/2017,9.45,5.54,
20/11/2017,9.85,5.68,
21/11/2017,9.85,5.76,
22/11/2017,9.85,5.74,
23/11/2017,9.85,5.87,
24/11/2017,9.85,5.96,
27/11/2017,9.85,6.05,
28/11/2017,9.85,5.89,
29/11/2017,9.85,6.00,
30/11/2017,9.85,5.97,
01/12/2017,9.85,6.07,
04/12/2017,9.85,6.29,
05/12/2017,9.85,6.23,
06/12/2017,9.85,6.23,
07/12/2017,10.10,6.22,
08/12/2017,10.10,6.08,
11/12/2017,10.10,6.27,
12/12/2017,10.10,6.29,
13/12/2017,10.10,6.08,
14/12/2017,10.10,6.17,
15/12/2017,10.50,6.13,
18/12/2017,10.50,5.96,
19/12/2017,10.50,5.85,
20/12/2017,10.50,5.95,
21/12/2017,10.50,5.86,
22/12/2017,11.20,5.74,
25/12/2017,11.20,5.74,
26/12/2017,11.20,5.74,
27/12/2017,11.20,5.67,
28/12/2017,11.20,5.79,
29/12/2017,11.20,5.76,
01/01/2018,11.20,5.76,
02/01/2018,11.20,5.67,
03/01/2018,11.20,5.69,
04/01/2018,11.20,5.62,
05/01/2018,11.30,5.54,
08/01/2018,11.30,5.59,
09/01/2018,11.30,5.75,
10/01/2018,11.30,5.66,
11/01/2018,11.30,5.68,
12/01/2018,11.50,5.80,
15/01/2018,11.50,5.60,
16/01/2018,11.50,5.54,
17/01/2018,11.50,5.40,
18/01/2018,11.50,5.39,
19/01/2018,10.50,5.33,
22/01/2018,10.50,5.44,
23/01/2018,10.50,5.33,
24/01/2018,10.50,5.20,
25/01/2018,10.50,5.24,
26/01/2018,10.40,5.20,
29/01/2018,10.40,5.07,
30/01/2018,10.40,5.10,
31/01/2018,10.40,5.27,
01/02/2018,10.40,5.30,
02/02/2018,10.20,5.30,
05/02/2018,10.20,5.16,
06/02/2018,10.20,5.28,
07/02/2018,10.20,5.30,
08/02/2018,10.20,5.21,
09/02/2018,10.60,5.24,
12/02/2018,10.60,5.27,
13/02/2018,10.60,5.35,
14/02/2018,10.60,5.28,
15/02/2018,10.60,5.22,
16/02/2018,10.60,5.38,
19/02/2018,7.90,5.59,
20/02/2018,7.90,5.80,
21/02/2018,7.90,5.76,
22/02/2018,7.90,5.82,
23/02/2018,8.40,5.96,
26/02/2018,8.40,5.45,
27/02/2018,8.40,5.59,
28/02/2018,8.40,5.10,
01/03/2018,8.40,5.17,
02/03/2018,8.80,5.21,
05/03/2018,8.80,5.13,
06/03/2018,8.80,5.17,
07/03/2018,8.80,5.21,
08/03/2018,8.80,5.39,
09/03/2018,8.80,5.57,
12/03/2018,8.80,5.74,
13/03/2018,8.80,5.65,
14/03/2018,8.80,5.45,
15/03/2018,8.80,5.50,
16/03/2018,7.70,5.47,
19/03/2018,7.70,5.50,
20/03/2018,7.70,5.64,
21/03/2018,7.70,5.69,
22/03/2018,7.70,5.50,
23/03/2018,7.70,5.42,
26/03/2018,7.10,5.30,
27/03/2018,7.10,5.42,
28/03/2018,7.10,5.38,
29/03/2018,7.00,5.47,
30/03/2018,7.00,5.38,
02/04/2018,7.00,5.38,
03/04/2018,7.00,5.28,
04/04/2018,7.00,5.32,
05/04/2018,7.00,5.32,
06/04/2018,7.00,5.34,
09/04/2018,7.00,5.47,
10/04/2018,7.00,5.52,
11/04/2018,7.00,5.63,
12/04/2018,7.25,5.65,
13/04/2018,7.25,5.74,
16/04/2018,7.25,5.64,
17/04/2018,7.25,5.58,
18/04/2018,7.25,5.70,
19/04/2018,7.25,5.83,
20/04/2018,7.40,5.83,
23/04/2018,7.40,5.82,
24/04/2018,7.40,5.76,
25/04/2018,7.40,5.85,
26/04/2018,7.40,5.87,
27/04/2018,7.40,5.93,
30/04/2018,7.95,6.03,
01/05/2018,7.95,5.96,
02/05/2018,7.95,5.89,
03/05/2018,7.95,5.89,
04/05/2018,8.10,6.00,
07/05/2018,8.10,6.04,
08/05/2018,8.10,6.08,
09/05/2018,8.10,6.11,
10/05/2018,8.10,6.19,
11/05/2018,7.90,6.25,
14/05/2018,7.90,6.35,
15/05/2018,7.90,6.26,
16/05/2018,7.90,6.37,
17/05/2018,7.90,6.52,
18/05/2018,8.70,6.49,
21/05/2018,8.70,6.55,
22/05/2018,8.70,6.71,
23/05/2018,8.70,6.64,
24/05/2018,8.70,6.62,
25/05/2018,9.20,6.45,
28/05/2018,9.20,6.20,
29/05/2018,9.20,6.64,
30/05/2018,9.20,6.72,
31/05/2018,9.20,6.52,
01/06/2018,9.60,6.38,
04/06/2018,9.60,6.39,
05/06/2018,9.60,6.28,
06/06/2018,9.60,6.26,
07/06/2018,9.60,6.35,
08/06/2018,9.80,6.32,
11/06/2018,9.80,6.27,
12/06/2018,9.80,6.39,
13/06/2018,9.80,6.56,
14/06/2018,9.80,6.56,
15/06/2018,11.60,6.35,
18/06/2018,11.60,6.49,
19/06/2018,11.60,6.33,
20/06/2018,11.60,6.30,
21/06/2018,11.60,6.34,
22/06/2018,10.60,6.35,
25/06/2018,10.60,6.30,
26/06/2018,10.60,6.34,
27/06/2018,10.60,6.48,
28/06/2018,10.60,6.41,
29/06/2018,10.30,6.42,
02/07/2018,10.30,6.54,
03/07/2018,10.30,6.52,
04/07/2018,10.30,6.56,
05/07/2018,10.30,6.62,
06/07/2018,10.10,6.54,
09/07/2018,10.10,6.65,
10/07/2018,10.10,6.66,
11/07/2018,10.10,6.58,
12/07/2018,10.10,6.46,
13/07/2018,10.10,6.53,
16/07/2018,10.00,6.41,
17/07/2018,10.00,6.40,
18/07/2018,10.00,6.48,
19/07/2018,10.00,6.45,
20/07/2018,10.00,6.40,
23/07/2018,9.50,6.47,
24/07/2018,9.50,6.47,
25/07/2018,9.50,6.49,
26/07/2018,9.50,6.47,
27/07/2018,9.75,6.43,
30/07/2018,9.75,6.46,
31/07/2018,9.75,6.44,
01/08/2018,9.75,6.42,
02/08/2018,9.75,6.46,
03/08/2018,10.00,6.51,
06/08/2018,10.00,6.60,
07/08/2018,10.00,6.62,
08/08/2018,10.00,6.60,
09/08/2018,10.00,6.64,
10/08/2018,10.00,6.73,
13/08/2018,10.00,6.86,
14/08/2018,10.00,6.94,
15/08/2018,10.00,6.89,
16/08/2018,10.00,7.03,
17/08/2018,11.10,7.07,
20/08/2018,11.10,7.10,
21/08/2018,11.10,7.14,
22/08/2018,11.10,7.17,
23/08/2018,11.10,7.27,
24/08/2018,11.40,7.32,
27/08/2018,11.40,7.40,
28/08/2018,11.40,7.44,
29/08/2018,11.40,7.65,
30/08/2018,11.40,7.56,
31/08/2018,11.50,7.59,
03/09/2018,11.50,7.71,
04/09/2018,11.50,7.87,
05/09/2018,11.50,7.95,
06/09/2018,11.50,8.07,
07/09/2018,11.50,8.29,
10/09/2018,11.55,8.54,
11/09/2018,11.55,8.37,
12/09/2018,11.55,8.04,
13/09/2018,11.55,7.80,
14/09/2018,12.00,8.03,
17/09/2018,12.00,8.10,
18/09/2018,12.00,8.03,
19/09/2018,12.00,8.35,
20/09/2018,12.00,8.23,
21/09/2018,11.50,8.43,
24/09/2018,11.50,8.60,
25/09/2018,11.50,8.51,
26/09/2018,11.50,8.19,
27/09/2018,11.50,7.99,
28/09/2018,11.10,7.90,
01/10/2018,11.10,8.12,
02/10/2018,11.10,7.95,
03/10/2018,11.10,8.04,
04/10/2018,11.10,8.15,
05/10/2018,11.00,8.19,
08/10/2018,11.00,7.99,
09/10/2018,11.00,7.84,
10/10/2018,11.00,7.69,
11/10/2018,11.00,7.61,
12/10/2018,10.50,7.74,
15/10/2018,10.50,7.70,
16/10/2018,10.50,7.71,
17/10/2018,10.50,7.73,
18/10/2018,10.50,7.60,
19/10/2018,10.40,7.86,
22/10/2018,10.40,7.64,
23/10/2018,10.40,7.51,
24/10/2018,10.40,7.41,
25/10/2018,10.40,7.23,
26/10/2018,10.20,7.09,
29/10/2018,10.20,7.17,
30/10/2018,10.20,6.99,
31/10/2018,10.20,7.08,
01/11/2018,10.20,6.95,
02/11/2018,10.20,7.06,
05/11/2018,10.20,6.98,
06/11/2018,10.20,6.98,
07/11/2018,10.20,7.20,
08/11/2018,10.20,7.15,
09/11/2018,10.30,7.15,
12/11/2018,10.30,7.67,
13/11/2018,10.30,7.81,
14/11/2018,10.30,7.77,
15/11/2018,10.30,7.75,
16/11/2018,10.30,7.54,
19/11/2018,10.90,7.12,
20/11/2018,10.90,7.16,
21/11/2018,10.90,7.18,
22/11/2018,10.90,7.22,
23/11/2018,10.00,7.31,
26/11/2018,10.00,7.24,
27/11/2018,10.00,7.29,
28/11/2018,10.00,7.12,
29/11/2018,10.00,7.21,
30/11/2018,9.80,7.26,
03/12/2018,9.80,7.28,
04/12/2018,9.80,7.14,
05/12/2018,9.80,6.94,
06/12/2018,9.80,6.79,
07/12/2018,9.80,6.82,
10/12/2018,8.80,6.81,
11/12/2018,8.80,6.90,
12/12/2018,8.80,7.06,
13/12/2018,8.80,7.09,
14/12/2018,8.90,7.21,
17/12/2018,8.90,7.17,
18/12/2018,8.90,6.97,
19/12/2018,8.90,7.15,
20/12/2018,8.90,7.27,
21/12/2018,9.25,7.25,
24/12/2018,9.25,7.10,
25/12/2018,9.25,7.10,
26/12/2018,9.25,7.10,
27/12/2018,9.25,6.84,
28/12/2018,9.10,6.65,
31/12/2018,9.10,6.35,
01/01/2019,9.10,6.54,
02/01/2019,9.10,6.58,
03/01/2019,9.10,6.50,
04/01/2019,9.10,6.69,
07/01/2019,8.75,6.27,
08/01/2019,8.75,6.52,
09/01/2019,8.75,6.35,
10/01/2019,8.75,6.45,
11/01/2019,8.50,6.52,
14/01/2019,8.50,6.37,
15/01/2019,8.50,6.45,
16/01/2019,8.50,6.52,
17/01/2019,8.50,6.71,
18/01/2019,8.20,6.60,
21/01/2019,8.20,6.33,
22/01/2019,8.20,6.38,
23/01/2019,8.20,6.43,
24/01/2019,8.20,6.29,
25/01/2019,8.00,6.16,
28/01/2019,8.00,6.02,
29/01/2019,8.00,6.08,
30/01/2019,8.00,5.92,
31/01/2019,8.00,5.80,
01/02/2019,7.00,5.60,
04/02/2019,7.00,5.64,
05/02/2019,7.00,5.52,
06/02/2019,7.00,5.61,
07/02/2019,6.80,5.52,
08/02/2019,6.80,5.43,
11/02/2019,6.80,5.32,
12/02/2019,6.80,5.22,
13/02/2019,6.80,5.33,
14/02/2019,6.80,5.22,
15/02/2019,6.50,5.30,
18/02/2019,6.50,5.10,
19/02/2019,6.50,5.23,
20/02/2019,6.50,5.31,
21/02/2019,6.50,5.10,
22/02/2019,6.50,5.03,
25/02/2019,6.20,4.98,
26/02/2019,6.20,5.01,
27/02/2019,6.20,5.20,
28/02/2019,6.20,5.23,
01/03/2019,6.00,5.09,
04/03/2019,6.00,5.11,
05/03/2019,6.00,5.06,
06/03/2019,6.00,4.95,
07/03/2019,6.00,4.95,
08/03/2019,6.00,4.91,
11/03/2019,5.70,4.86,
12/03/2019,5.70,4.71,
13/03/2019,5.70,4.60,
14/03/2019,5.70,4.59,
15/03/2019,5.45,4.45,
18/03/2019,5.45,4.48,
19/03/2019,5.45,4.39,
20/03/2019,5.45,4.44,
21/03/2019,4.65,4.26,
22/03/2019,4.65,4.23,
25/03/2019,4.65,4.16,
26/03/2019,4.65,4.29,
27/03/2019,4.65,4.36,
28/03/2019,4.65,4.18,
29/03/2019,4.40,4.21,
01/04/2019,4.40,4.08,
02/04/2019,4.40,3.94,
03/04/2019,4.40,4.17,
04/04/2019,4.40,4.37,
05/04/2019,4.50,4.84,
08/04/2019,4.50,4.61,
09/04/2019,4.50,4.94,
10/04/2019,4.50,4.60,
11/04/2019,4.50,4.72,
12/04/2019,5.25,4.62,
15/04/2019,5.25,4.35,
16/04/2019,5.25,4.41,
17/04/2019,5.25,4.48,
18/04/2019,5.40,4.24,
19/04/2019,5.40,4.24,
22/04/2019,5.40,4.24,
23/04/2019,5.40,4.20,
24/04/2019,5.40,4.15,
25/04/2019,5.40,4.35,
26/04/2019,5.30,4.19,
29/04/2019,5.30,4.22,
30/04/2019,5.30,4.17,
01/05/2019,5.30,4.13,
02/05/2019,5.30,4.23,
03/05/2019,5.60,4.31,
06/05/2019,5.60,4.19,
07/05/2019,5.60,4.14,
08/05/2019,5.60,4.23,
09/05/2019,5.60,4.18,
10/05/2019,5.60,4.12,
13/05/2019,5.60,4.02,
14/05/2019,5.60,4.09,
15/05/2019,5.60,4.04,
16/05/2019,5.60,3.85,
17/05/2019,5.35,3.80,
20/05/2019,5.35,3.77,
21/05/2019,5.35,3.75,
22/05/2019,5.35,3.74,
23/05/2019,5.35,3.60,
24/05/2019,4.50,3.64,
27/05/2019,4.50,3.58,
28/05/2019,4.50,3.63,
29/05/2019,4.50,3.55,
30/05/2019,4.50,3.36,
31/05/2019,4.50,3.36,
03/06/2019,4.50,3.24,
04/06/2019,4.50,3.49,
05/06/2019,4.50,3.44,
06/06/2019,4.50,3.23,
07/06/2019,4.50,3.39,
10/06/2019,4.25,3.43,
11/06/2019,4.25,3.29,
12/06/2019,4.25,3.26,
13/06/2019,4.25,3.33,
14/06/2019,4.35,3.37,
17/06/2019,4.35,3.33,
18/06/2019,4.35,3.19,
19/06/2019,4.35,3.08,
20/06/2019,4.35,2.97,
21/06/2019,4.60,3.08,
24/06/2019,4.60,2.93,
25/06/2019,4.60,2.86,
26/06/2019,4.60,2.83,
27/06/2019,4.60,2.82,
28/06/2019,4.80,2.92,
01/07/2019,4.80,3.03,
02/07/2019,4.80,3.03,
03/07/2019,4.80,3.06,
04/07/2019,4.80,3.08,
05/07/2019,4.30,3.30,
08/07/2019,4.30,3.49,
09/07/2019,4.30,3.30,
10/07/2019,4.30,3.66,
11/07/2019,4.30,3.82,
12/07/2019,4.40,3.94,
15/07/2019,4.40,3.72,
16/07/2019,4.40,3.31,
17/07/2019,4.40,3.30,
18/07/2019,4.40,3.13,
19/07/2019,4.60,3.12,
22/07/2019,4.60,3.00,
23/07/2019,4.60,3.12,
24/07/2019,4.60,2.97,
25/07/2019,4.60,2.93,
26/07/2019,4.25,2.95,
29/07/2019,4.25,2.87,
30/07/2019,4.25,2.95,
31/07/2019,4.25,3.24,
01/08/2019,4.25,3.73,
02/08/2019,4.10,3.51,
05/08/2019,4.10,3.35,
06/08/2019,4.10,3.22,
07/08/2019,4.10,3.32,
08/08/2019,4.10,3.60,
09/08/2019,4.20,3.41,
12/08/2019,4.20,3.31,
13/08/2019,4.20,3.44,
14/08/2019,4.20,3.28,
15/08/2019,4.20,3.25,
16/08/2019,4.80,3.25,
19/08/2019,4.80,3.16,
20/08/2019,4.80,3.30,
21/08/2019,4.80,3.33,
22/08/2019,4.80,3.22,
23/08/2019,4.80,3.07,
26/08/2019,4.70,3.02,
27/08/2019,4.70,2.99,
28/08/2019,4.70,3.05,
29/08/2019,4.70,3.09,
30/08/2019,4.70,3.75,
02/09/2019,4.70,3.49,
03/09/2019,4.70,3.55,
04/09/2019,4.70,3.49,
05/09/2019,4.70,3.60,
06/09/2019,4.40,3.63,
09/09/2019,4.40,3.61,
10/09/2019,4.40,4.25,
11/09/2019,4.40,4.04,
12/09/2019,4.40,4.31,
13/09/2019,5.05,4.22,
16/09/2019,5.05,4.46,
17/09/2019,5.05,4.02,
18/09/2019,5.05,3.72,
19/09/2019,5.05,3.66,
20/09/2019,5.80,3.68,
23/09/2019,5.80,3.60,
24/09/2019,5.80,3.62,
25/09/2019,5.80,3.50,
26/09/2019,5.80,3.57,
27/09/2019,5.75,3.50,
30/09/2019,5.75,3.28,
01/10/2019,5.75,4.81,
02/10/2019,5.75,4.67,
03/10/2019,5.75,4.73,
04/10/2019,5.55,4.63,
07/10/2019,5.55,4.56,
08/10/2019,5.55,4.60,
09/10/2019,5.55,4.65,
10/10/2019,5.55,4.63,
11/10/2019,5.80,4.70,
14/10/2019,5.80,4.67,
15/10/2019,5.80,4.67,
16/10/2019,5.80,4.74,
17/10/2019,5.80,4.68,
18/10/2019,6.80,4.65,
21/10/2019,6.80,4.59,
22/10/2019,6.80,4.56,
23/10/2019,6.80,4.49,
24/10/2019,6.80,4.60,
25/10/2019,6.30,4.47,
28/10/2019,6.30,4.25,
29/10/2019,6.30,4.07,
30/10/2019,6.30,4.03,
31/10/2019,6.30,4.73,
01/11/2019,5.90,4.76,
04/11/2019,5.90,4.89,
05/11/2019,5.90,4.87,
06/11/2019,5.90,4.79,
07/11/2019,5.90,4.75,
08/11/2019,5.70,4.65,
11/11/2019,5.70,4.63,
12/11/2019,5.70,4.54,
13/11/2019,5.70,4.56,
14/11/2019,5.70,4.60,
15/11/2019,5.40,4.62,
18/11/2019,5.40,4.45,
19/11/2019,5.40,4.50,
20/11/2019,5.40,4.55,
21/11/2019,5.40,4.59,
22/11/2019,5.70,4.73,
25/11/2019,5.70,4.81,
26/11/2019,5.70,4.66,
27/11/2019,5.70,4.73,
28/11/2019,5.70,4.62,
29/11/2019,5.60,4.78,
02/12/2019,5.60,4.65,
03/12/2019,5.60,4.62,
04/12/2019,5.60,4.63,
05/12/2019,5.60,4.49,
06/12/2019,5.60,4.40,
09/12/2019,5.50,4.33,
10/12/2019,5.50,4.22,
11/12/2019,5.50,4.07,
12/12/2019,5.50,4.31,
13/12/2019,5.65,4.02,
16/12/2019,5.65,4.08,
17/12/2019,5.65,4.22,
18/12/2019,5.65,4.43,
19/12/2019,5.65,4.43,
20/12/2019,5.45,4.17,
23/12/2019,5.45,3.83,
24/12/2019,5.45,3.70,
25/12/2019,5.45,3.69,
26/12/2019,5.45,3.69,
27/12/2019,5.10,3.73,
30/12/2019,5.10,3.59,
31/12/2019,5.10,3.53,
01/01/2020,5.10,3.55,
02/01/2020,5.10,3.56,
03/01/2020,5.15,3.81,
06/01/2020,5.15,3.58,
07/01/2020,5.15,3.50,
08/01/2020,5.15,3.48,
09/01/2020,5.15,3.50,
10/01/2020,5.30,3.52,
13/01/2020,5.30,3.56,
14/01/2020,5.30,3.31,
15/01/2020,5.30,3.30,
16/01/2020,5.30,3.27,
17/01/2020,4.60,3.19,
20/01/2020,4.60,3.13,
21/01/2020,4.60,3.16,
22/01/2020,4.60,3.05,
23/01/2020,4.60,3.06,
24/01/2020,4.00,3.11,
27/01/2020,4.00,3.09,
28/01/2020,4.00,3.17,
29/01/2020,4.00,2.96,
30/01/2020,4.00,2.91,
31/01/2020,3.80,2.86,
03/02/2020,3.80,2.70,
04/02/2020,3.80,2.77,
05/02/2020,3.80,2.71,
06/02/2020,3.80,2.70,
07/02/2020,2.95,2.67,
10/02/2020,2.95,2.51,
11/02/2020,2.95,2.51,
12/02/2020,2.95,2.58,
13/02/2020,2.95,2.56,
14/02/2020,2.70,2.62,
17/02/2020,2.70,2.79,
18/02/2020,2.70,2.73,
19/02/2020,2.70,2.82,
20/02/2020,2.70,2.80,
21/02/2020,3.00,2.73,
24/02/2020,3.00,2.64,
25/02/2020,3.00,2.64,
26/02/2020,3.00,2.67,
27/02/2020,3.00,2.58,
28/02/2020,3.00,2.63,
02/03/2020,3.00,2.60,
03/03/2020,3.00,2.64,
04/03/2020,3.00,2.56,
05/03/2020,3.00,2.60,
06/03/2020,3.20,2.55,
09/03/2020,3.20,2.52,
10/03/2020,3.20,2.67,
11/03/2020,3.20,2.75,
12/03/2020,3.20,2.72,
13/03/2020,3.30,2.72,
16/03/2020,3.30,2.54,
17/03/2020,3.30,2.49,
18/03/2020,3.30,2.39,
19/03/2020,3.30,2.51,
20/03/2020,3.50,2.50,
23/03/2020,3.50,2.32,
24/03/2020,3.50,2.30,
25/03/2020,3.50,2.29,
26/03/2020,3.50,2.21,
27/03/2020,2.80,2.12,
30/03/2020,2.80,2.00,
31/03/2020,2.80,2.02,
01/04/2020,2.80,2.03,
02/04/2020,2.80,2.01,
03/04/2020,2.30,2.01,
06/04/2020,2.30,2.12,
07/04/2020,2.30,2.15,
08/04/2020,2.30,2.13,
09/04/2020,2.40,2.12,
10/04/2020,2.40,2.12,
13/04/2020,2.40,2.12,
14/04/2020,2.40,2.12,
15/04/2020,2.40,1.97,
16/04/2020,2.40,2.09,
17/04/2020,2.30,2.03,
20/04/2020,2.30,1.94,
21/04/2020,2.30,1.86,
22/04/2020,2.30,1.80,
23/04/2020,2.30,1.76,
24/04/2020,1.95,1.71,
27/04/2020,1.95,1.76,
28/04/2020,1.95,1.78,
29/04/2020,1.95,1.72,
30/04/2020,1.95,1.69,
01/05/2020,1.85,1.69,
04/05/2020,1.85,1.69,
05/05/2020,1.85,1.67,
06/05/2020,1.85,1.69,
07/05/2020,1.85,1.69,
08/05/2020,2.00,1.71,
11/05/2020,2.00,1.65,
12/05/2020,2.00,1.55,
13/05/2020,2.00,1.52,
14/05/2020,2.00,1.56,
15/05/2020,2.40,1.52,
18/05/2020,2.40,1.41,
19/05/2020,2.40,1.35,
20/05/2020,2.40,1.30,
21/05/2020,2.40,1.16,
22/05/2020,1.92,1.19,
25/05/2020,1.92,1.47,
26/05/2020,1.92,1.19,
27/05/2020,1.92,1.11,
28/05/2020,1.92,1.11,
29/05/2020,1.85,1.08,
01/06/2020,1.85,1.25,
02/06/2020,1.85,1.43,
03/06/2020,1.85,1.57,
04/06/2020,1.85,1.54,
05/06/2020,2.10,1.63,
08/06/2020,2.10,1.61,
09/06/2020,2.10,1.43,
10/06/2020,2.10,1.41,
11/06/2020,2.10,1.47,
12/06/2020,2.10,1.53,
15/06/2020,2.10,1.57,
16/06/2020,2.10,1.51,
17/06/2020,2.10,1.56,
18/06/2020,2.10,1.61,
19/06/2020,2.22,1.64,
22/06/2020,2.22,1.60,
23/06/2020,2.22,1.71,
24/06/2020,2.22,1.66,
25/06/2020,2.22,1.54,
26/06/2020,2.20,1.53,
29/06/2020,2.20,1.70,
30/06/2020,2.20,1.77,
01/07/2020,2.20,1.71,
02/07/2020,2.20,1.74,
03/07/2020,2.20,1.75,
06/07/2020,2.20,1.78,
07/07/2020,2.20,1.80,
08/07/2020,2.20,1.75,
09/07/2020,2.20,1.69,
10/07/2020,2.20,1.59,
13/07/2020,2.20,1.50,
14/07/2020,2.20,1.52,
15/07/2020,2.20,1.54,
16/07/2020,2.20,1.48,
17/07/2020,2.40,1.49,
20/07/2020,2.40,1.38,
21/07/2020,2.40,1.41,
22/07/2020,2.40,1.44,
23/07/2020,2.40,1.48,
24/07/2020,2.45,1.45,
27/07/2020,2.45,1.41,
28/07/2020,2.45,1.45,
29/07/2020,2.45,1.52,
30/07/2020,2.45,1.47,
31/07/2020,2.70,1.55,
03/08/2020,2.70,1.55,
04/08/2020,2.70,2.15,
05/08/2020,2.70,2.14,
06/08/2020,2.70,2.31,
07/08/2020,3.10,2.32,
10/08/2020,3.10,2.22,
11/08/2020,3.10,2.24,
12/08/2020,3.10,2.10,
13/08/2020,3.10,2.11,
14/08/2020,3.70,2.35,
17/08/2020,3.70,2.41,
18/08/2020,3.70,2.50,
19/08/2020,3.70,2.41,
20/08/2020,3.70,2.36,
21/08/2020,4.10,2.24,
24/08/2020,4.10,2.45,
25/08/2020,4.10,2.54,
26/08/2020,4.10,2.69,
27/08/2020,4.10,2.64,
28/08/2020,4.05,2.85,
31/08/2020,4.05,3.02,
01/09/2020,4.05,3.32,
02/09/2020,4.05,3.24,
03/09/2020,4.05,3.46,
04/09/2020,4.50,3.46,
07/09/2020,4.50,3.36,
08/09/2020,4.50,3.19,
09/09/2020,4.50,3.18,
10/09/2020,4.50,3.10,
11/09/2020,4.55,3.08,
14/09/2020,4.55,3.17,
15/09/2020,4.55,3.20,
16/09/2020,4.55,3.32,
17/09/2020,4.55,3.34,
18/09/2020,4.80,3.28,
21/09/2020,4.80,3.35,
22/09/2020,4.80,3.34,
23/09/2020,4.80,3.50,
24/09/2020,4.80,3.50,
25/09/2020,4.90,3.38,
28/09/2020,4.90,3.55,
29/09/2020,4.90,3.73,
30/09/2020,4.90,3.43,
01/10/2020,4.90,3.93,
02/10/2020,5.20,3.79,
05/10/2020,5.20,3.94,
06/10/2020,5.20,3.87,
07/10/2020,5.20,4.04,
08/10/2020,5.20,4.09,
09/10/2020,5.50,4.06,
12/10/2020,5.50,4.05,
13/10/2020,5.50,3.96,
14/10/2020,5.50,4.10,
15/10/2020,5.50,4.15,
16/10/2020,5.80,4.25,
19/10/2020,5.80,4.34,
20/10/2020,5.80,4.36,
21/10/2020,5.80,4.35,
22/10/2020,5.80,4.50,
23/10/2020,6.90,4.50,
26/10/2020,6.90,4.32,
27/10/2020,6.90,4.35,
28/10/2020,6.90,4.22,
29/10/2020,6.90,4.18,
30/10/2020,7.50,4.10,
02/11/2020,7.50,4.02,
03/11/2020,7.50,4.03,
04/11/2020,7.50,4.12,
05/11/2020,7.50,4.18,
06/11/2020,6.70,4.07,
09/11/2020,6.70,4.07,
10/11/2020,6.70,4.13,
11/11/2020,6.70,4.14,
12/11/2020,6.70,4.13,
13/11/2020,6.85,4.20,
16/11/2020,6.85,4.23,
17/11/2020,6.85,4.05,
18/11/2020,6.85,3.99,
19/11/2020,6.85,3.80,
20/11/2020,6.40,3.80,
23/11/2020,6.40,4.00,
24/11/2020,6.40,4.07,
25/11/2020,6.40,4.04,
26/11/2020,6.40,4.12,
27/11/2020,7.40,4.26,
30/11/2020,7.40,4.36,
01/12/2020,7.40,4.36,
02/12/2020,7.40,4.40,
03/12/2020,7.40,4.09,
04/12/2020,8.10,4.27,
07/12/2020,8.10,4.16,
08/12/2020,8.10,4.22,
09/12/2020,8.10,4.33,
10/12/2020,8.10,4.56,
11/12/2020,11.10,4.65,
14/12/2020,11.10,4.82,
15/12/2020,11.10,5.03,
16/12/2020,11.10,4.77,
17/12/2020,11.10,4.76,
18/12/2020,11.20,4.65,
21/12/2020,11.20,4.97,
22/12/2020,11.20,5.14,
23/12/2020,11.20,5.11,
24/12/2020,12.50,5.16,
25/12/2020,12.50,5.16,
28/12/2020,12.50,5.16,
29/12/2020,12.50,5.53,
30/12/2020,12.50,5.54,
31/12/2020,14.60,5.59,
01/01/2021,14.60,5.64,
04/01/2021,14.60,5.79,
05/01/2021,14.60,5.33,
06/01/2021,14.60,5.13,
07/01/2021,14.60,5.70,
08/01/2021,21.45,6.04,
11/01/2021,21.45,6.62,
12/01/2021,21.45,7.38,
13/01/2021,21.45,6.59,
14/01/2021,21.45,6.24,
15/01/2021,29.00,5.87,
18/01/2021,29.00,5.55,
19/01/2021,29.00,5.98,
20/01/2021,29.00,5.86,
21/01/2021,29.00,5.83,
22/01/2021,8.90,6.35,
25/01/2021,8.90,5.93,
26/01/2021,8.90,5.77,
27/01/2021,8.90,5.73,
28/01/2021,8.90,6.20,
29/01/2021,8.40,5.98,
01/02/2021,8.40,5.30,
02/02/2021,8.40,5.39,
03/02/2021,8.40,5.16,
04/02/2021,8.40,5.26,
05/02/2021,7.20,5.40,
08/02/2021,7.20,5.78,
09/02/2021,7.20,5.54,
10/02/2021,7.20,5.35,
11/02/2021,7.20,5.16,
12/02/2021,6.90,5.22,
15/02/2021,6.90,4.79,
16/02/2021,6.90,4.90,
17/02/2021,6.90,4.84,
18/02/2021,6.90,5.07,
19/02/2021,6.40,4.82,
22/02/2021,6.40,4.65,
23/02/2021,6.40,4.81,
24/02/2021,6.40,4.76,
25/02/2021,6.40,4.63,
26/02/2021,5.60,4.67,
01/03/2021,5.60,4.70,
02/03/2021,5.60,4.63,
03/03/2021,5.60,4.57,
04/03/2021,5.60,4.65,
05/03/2021,5.70,4.81,
08/03/2021,5.70,4.78,
09/03/2021,5.70,5.01,
10/03/2021,5.70,5.18,
11/03/2021,5.70,5.29,
12/03/2021,6.50,5.42,
15/03/2021,6.50,5.22,
16/03/2021,6.50,5.06,
17/03/2021,6.50,5.30,
18/03/2021,6.50,5.10,
19/03/2021,6.55,5.06,
22/03/2021,6.55,5.31,
23/03/2021,6.55,5.37,
24/03/2021,6.55,5.39,
25/03/2021,6.55,5.38,
26/03/2021,6.80,5.50,
29/03/2021,6.80,5.38,
30/03/2021,6.80,5.54,
31/03/2021,6.80,5.54,
01/04/2021,6.80,5.59,
02/04/2021,6.95,5.59,
05/04/2021,6.95,5.59,
06/04/2021,6.95,5.76,
07/04/2021,6.95,5.67,
08/04/2021,6.95,5.57,
09/04/2021,7.30,5.59,
12/04/2021,7.30,5.78,
13/04/2021,7.30,5.73,
14/04/2021,7.30,5.79,
15/04/2021,7.30,5.90,
16/04/2021,7.60,6.05,
19/04/2021,7.60,6.15,
20/04/2021,7.60,6.18,
21/04/2021,7.60,6.23,
22/04/2021,7.60,6.21,
23/04/2021,8.65,5.76,
26/04/2021,8.65,5.87,
27/04/2021,8.65,6.34,
28/04/2021,8.65,6.36,
29/04/2021,8.65,6.54,
30/04/2021,8.85,6.73,
03/05/2021,8.85,7.00,
04/05/2021,8.85,6.76,
05/05/2021,8.85,7.01,
06/05/2021,8.85,7.12,
07/05/2021,9.65,7.11,
10/05/2021,9.65,7.33,
11/05/2021,9.65,7.65,
12/05/2021,9.65,7.62,
13/05/2021,9.65,7.67,
14/05/2021,10.15,7.81,
17/05/2021,10.15,7.50,
18/05/2021,10.15,7.18,
19/05/2021,10.15,6.84,
20/05/2021,10.15,7.17,
21/05/2021,9.60,7.29,
24/05/2021,9.60,7.22,
25/05/2021,9.60,7.51,
26/05/2021,9.60,7.59,
27/05/2021,9.60,7.34,
28/05/2021,10.30,7.34,
31/05/2021,10.30,7.39,
01/06/2021,10.30,7.56,
02/06/2021,10.30,7.56,
03/06/2021,10.30,7.52,
04/06/2021,10.95,7.58,
07/06/2021,10.95,7.84,
08/06/2021,10.95,8.10,
09/06/2021,10.95,8.20,
10/06/2021,10.95,8.39,
11/06/2021,12.10,8.25,
14/06/2021,12.10,8.41,
15/06/2021,12.10,8.20,
16/06/2021,12.10,8.22,
17/06/2021,12.10,8.26,
18/06/2021,11.70,8.68,
21/06/2021,11.70,8.65,
22/06/2021,11.70,9.06,
23/06/2021,11.70,9.19,
24/06/2021,11.70,9.26,
25/06/2021,12.50,9.48,
28/06/2021,12.50,9.52,
29/06/2021,12.50,9.84,
30/06/2021,12.50,10.32,
01/07/2021,12.50,10.52,
02/07/2021,14.00,10.48,
05/07/2021,14.00,11.15,
06/07/2021,14.00,9.73,
07/07/2021,14.00,9.67,
08/07/2021,14.00,9.79,
09/07/2021,12.55,10.80,
12/07/2021,12.55,10.08,
13/07/2021,12.55,10.32,
14/07/2021,12.55,9.81,
15/07/2021,12.55,9.99,
16/07/2021,13.30,10.37,
19/07/2021,13.30,10.57,
20/07/2021,13.30,10.35,
21/07/2021,13.30,10.49,
22/07/2021,13.30,10.58,
23/07/2021,14.45,10.38,
26/07/2021,14.45,10.85,
27/07/2021,14.45,11.03,
28/07/2021,14.45,11.67,
29/07/2021,14.45,11.67,
30/07/2021,15.60,11.87,
02/08/2021,15.60,12.35,
03/08/2021,15.60,12.16,
04/08/2021,15.60,12.37,
05/08/2021,15.60,12.45,
06/08/2021,16.90,12.66,
09/08/2021,16.90,12.72,
10/08/2021,16.90,13.06,
11/08/2021,16.90,13.66,
12/08/2021,16.90,13.36,
13/08/2021,17.05,13.09,
16/08/2021,17.05,14.02,
17/08/2021,17.05,13.63,
18/08/2021,17.05,13.14,
19/08/2021,17.05,12.02,
20/08/2021,15.50,12.19,
23/08/2021,15.50,12.48,
24/08/2021,15.50,13.36,
25/08/2021,15.50,13.19,
26/08/2021,15.50,13.45,
27/08/2021,17.20,13.98,
30/08/2021,17.20,13.98,
31/08/2021,17.20,13.98,
01/09/2021,17.20,14.64,
02/09/2021,17.20,15.00,
03/09/2021,19.90,15.17,
06/09/2021,19.90,15.37,
07/09/2021,19.90,15.73,
08/09/2021,19.90,16.16,
09/09/2021,19.90,16.68,
10/09/2021,20.10,16.94,
13/09/2021,20.10,18.17,
14/09/2021,20.10,19.58,
15/09/2021,20.10,19.12,
16/09/2021,20.10,18.42,
17/09/2021,24.50,19.39,
20/09/2021,24.50,21.57,
21/09/2021,24.50,21.29,
22/09/2021,24.50,20.49,
23/09/2021,24.50,20.73,
24/09/2021,26.75,20.93,
27/09/2021,26.75,22.60,
28/09/2021,26.75,23.24,
29/09/2021,26.75,25.35,
30/09/2021,26.75,26.67,
01/10/2021,32.00,26.67,
04/10/2021,32.00,27.84,
05/10/2021,32.00,34.44,
06/10/2021,32.00,33.41,
07/10/2021,32.00,29.89,
08/10/2021,37.00,24.55,
11/10/2021,37.00,24.55,
12/10/2021,37.00,25.67,
13/10/2021,37.00,27.62,
14/10/2021,37.00,28.58,
15/10/2021,38.50,25.91,
18/10/2021,38.50,28.53,
19/10/2021,38.50,26.96,
20/10/2021,38.50,27.34,
21/10/2021,38.50,26.41,
22/10/2021,34.50,25.83,
25/10/2021,34.50,26.08,
26/10/2021,34.50,25.69,
27/10/2021,34.50,24.76,
28/10/2021,34.50,22.04,
29/10/2021,31.00,19.26,
01/11/2021,31.00,19.97,
02/11/2021,31.00,20.85,
03/11/2021,31.00,23.14,
04/11/2021,31.00,21.39,
05/11/2021,29.50,21.66,
08/11/2021,29.50,22.95,
09/11/2021,29.50,20.52,
10/11/2021,29.50,20.97,
11/11/2021,29.50,22.05,
12/11/2021,31.50,21.98,
15/11/2021,31.50,23.91,
16/11/2021,31.50,27.55,
17/11/2021,31.50,27.99,
18/11/2021,31.50,27.11,
19/11/2021,36.70,25.35,
22/11/2021,36.70,24.91,
23/11/2021,36.70,26.64,
24/11/2021,36.70,27.39,
25/11/2021,36.70,27.40,
26/11/2021,36.10,25.94,
29/11/2021,36.10,27.78,
30/11/2021,36.10,27.96,
01/12/2021,36.10,27.48,
02/12/2021,36.10,26.67,
03/12/2021,34.60,26.24,
06/12/2021,34.60,26.23,
07/12/2021,34.60,27.92,
08/12/2021,34.60,30.14,
09/12/2021,34.60,29.31,
10/12/2021,35.80,30.88,
13/12/2021,35.80,34.36,
14/12/2021,35.80,38.39,
15/12/2021,35.80,36.05,
16/12/2021,35.80,39.80,
17/12/2021,44.35,39.42,
20/12/2021,44.35,43.20,
21/12/2021,44.35,53.05,
22/12/2021,44.35,48.50,
23/12/2021,48.30,37.22,
24/12/2021,48.30,29.89,
27/12/2021,48.30,29.89,
28/12/2021,48.30,29.89,
29/12/2021,48.30,28.28,
30/12/2021,33.80,25.38,
31/12/2021,33.80,20.22,
03/01/2022,33.80,20.22,
04/01/2022,33.80,26.23,
05/01/2022,33.80,28.28,
06/01/2022,33.80,28.72,
07/01/2022,34.30,24.62,
10/01/2022,34.30,25.44,
11/01/2022,34.30,24.03,
12/01/2022,34.30,21.61,
13/01/2022,34.30,24.81,
14/01/2022,32.60,24.62,
17/01/2022,32.60,22.68,
18/01/2022,32.60,23.45,
19/01/2022,32.60,21.54,
20/01/2022,32.60,22.39,
21/01/2022,23.00,23.24,
24/01/2022,23.00,23.24,
25/01/2022,23.00,27.20,
26/01/2022,23.00,26.77,
27/01/2022,23.00,26.64,
28/01/2022,27.00,26.96,
31/01/2022,27.00,24.91,
01/02/2022,27.00,22.19,
02/02/2022,27.00,22.74,
03/02/2022,27.00,23.45,
04/02/2022,25.00,23.62,
07/02/2022,25.00,22.71,
08/02/2022,25.00,22.17,
09/02/2022,25.00,22.17,
10/02/2022,25.00,21.39,
11/02/2022,24.70,22.63,
14/02/2022,24.70,23.67,
15/02/2022,24.70,20.08,
16/02/2022,24.70,20.35,
17/02/2022,24.70,22.01,
18/02/2022,24.40,20.98,
21/02/2022,24.40,21.07,
22/02/2022,24.40,23.06,
23/02/2022,24.40,24.69,
24/02/2022,24.40,35.17,
25/02/2022,37.50,27.11,
28/02/2022,37.50,28.57,
01/03/2022,37.50,34.73,
02/03/2022,37.50,50.70,
03/03/2022,37.50,43.38,
04/03/2022,40.50,60.08,
07/03/2022,40.50,63.01,
08/03/2022,40.50,61.55,
09/03/2022,40.50,43.38,
10/03/2022,40.50,38.98,
11/03/2022,38.00,39.05,
14/03/2022,38.00,32.58,
15/03/2022,38.00,32.82,
16/03/2022,38.00,30.77,
17/03/2022,38.00,30.82,
18/03/2022,35.50,29.60,
21/03/2022,35.50,27.84,
22/03/2022,35.50,29.01,
23/03/2022,35.50,33.12,
24/03/2022,35.50,31.36,
25/03/2022,35.00,29.01,
28/03/2022,35.00,31.95,
29/03/2022,35.00,31.21,
30/03/2022,35.00,34.58,
31/03/2022,35.00,36.03,
01/04/2022,35.00,33.12,
04/04/2022,35.00,31.84,
05/04/2022,35.00,31.07,
06/04/2022,35.00,31.45,
07/04/2022,35.00,30.57,
08/04/2022,33.00,29.83,
11/04/2022,33.00,29.75,
12/04/2022,33.00,29.97,
13/04/2022,33.00,30.48,
14/04/2022,33.00,25.79,
15/04/2022,33.00,25.79,
18/04/2022,33.00,25.79,
19/04/2022,33.00,27.45,
20/04/2022,33.00,28.15,
21/04/2022,33.00,28.49,
22/04/2022,25.40,28.49,
25/04/2022,25.40,27.24,
26/04/2022,25.40,28.78,
27/04/2022,25.40,31.80,
28/04/2022,25.40,29.23,
29/04/2022,23.50,28.72,
02/05/2022,23.50,28.75,
03/05/2022,23.50,28.79,
04/05/2022,23.50,30.48,
05/05/2022,23.50,32.46,
06/05/2022,23.90,29.40,
09/05/2022,23.90,27.43,
10/05/2022,23.90,28.13,
11/05/2022,23.90,27.46,
12/05/2022,23.90,30.77,
13/05/2022,23.35,29.25,
16/05/2022,23.35,27.23,
17/05/2022,23.35,27.46,
18/05/2022,23.35,27.14,
19/05/2022,23.35,26.33,
20/05/2022,22.40,25.56,
23/05/2022,22.40,24.84,
24/05/2022,22.40,25.06,
25/05/2022,22.40,25.66,
26/05/2022,22.40,25.18,
27/05/2022,23.40,25.57,
30/05/2022,23.40,25.47,
31/05/2022,23.40,25.50,
01/06/2022,24.75,23.99,
02/06/2022,24.75,24.76,
03/06/2022,24.75,24.47,
06/06/2022,24.75,23.87,
07/06/2022,24.75,23.53,
08/06/2022,24.75,23.09,
09/06/2022,24.75,25.23,
10/06/2022,23.50,24.28,
13/06/2022,23.50,24.68,
14/06/2022,23.50,28.87,
15/06/2022,23.50,33.41,
16/06/2022,23.50,34.95,
17/06/2022,36.50,36.34,
20/06/2022,36.50,36.17,
21/06/2022,36.50,36.85,
22/06/2022,36.50,37.02,
23/06/2022,36.50,38.19,
24/06/2022,37.00,38.01,
27/06/2022,37.00,38.32,
28/06/2022,37.00,38.04,
29/06/2022,37.00,39.98,
30/06/2022,37.00,43.61,
01/07/2022,39.00,43.08,
04/07/2022,39.00,47.48,
05/07/2022,39.00,50.85,
06/07/2022,39.00,50.99,
07/07/2022,39.00,53.05,
08/07/2022,41.00,49.71,
11/07/2022,41.00,49.53,
12/07/2022,41.00,50.78,
13/07/2022,41.00,53.34,
14/07/2022,41.00,52.39,
15/07/2022,40.50,46.89,
18/07/2022,40.50,46.66,
19/07/2022,40.50,47.83,
20/07/2022,40.50,47.33,
21/07/2022,40.50,44.25,
22/07/2022,38.00,47.62,
25/07/2022,38.00,51.80,
26/07/2022,38.00,62.04,
27/07/2022,38.00,60.01,
28/07/2022,38.00,60.37,
29/07/2022,42.50,57.21,
01/08/2022,42.50,58.47,
02/08/2022,42.50,61.11,
03/08/2022,42.50,61.11,
04/08/2022,42.50,58.41,
05/08/2022,45.00,56.93,
08/08/2022,45.00,56.27,
09/08/2022,45.00,57.30,
10/08/2022,45.00,59.79,
11/08/2022,45.00,60.96,
12/08/2022,48.00,60.49,
15/08/2022,48.00,66.97,
16/08/2022,48.00,65.06,
17/08/2022,48.00,67.41,
18/08/2022,48.00,70.63,
19/08/2022,57.00,75.03,
22/08/2022,57.00,81.47,
23/08/2022,57.00,76.20,
24/08/2022,57.00,87.92,
25/08/2022,57.00,91.15,
26/08/2022,70.50,89.68,
29/08/2022,70.50,78.25,
30/08/2022,70.50,73.56,
31/08/2022,70.50,76.49,
01/09/2022,70.50,68.58,
02/09/2022,54.50,61.25,
05/09/2022,54.50,71.95,
06/09/2022,54.50,70.63,
07/09/2022,54.50,61.40,
08/09/2022,54.50,64.48,
09/09/2022,46.00,59.34,
12/09/2022,46.00,56.27,
13/09/2022,46.00,56.42,
14/09/2022,46.00,61.69,
15/09/2022,46.00,62.18,
16/09/2022,46.00,54.95,
19/09/2022,46.00,51.55,
20/09/2022,46.00,57.44,
21/09/2022,46.00,53.49,
22/09/2022,46.00,54.80,
23/09/2022,42.00,53.02,
26/09/2022,42.00,50.85,
27/09/2022,42.00,56.56,
28/09/2022,42.00,60.08,
29/09/2022,42.00,54.00,
30/09/2022,38.50,48.65,
03/10/2022,38.50,49.56,
04/10/2022,38.50,48.21,
05/10/2022,38.50,51.43,
06/10/2022,38.50,50.26,
07/10/2022,34.00,45.43,
10/10/2022,34.00,45.88,
11/10/2022,34.00,46.60,
12/10/2022,34.00,46.45,
13/10/2022,34.00,44.99,
14/10/2022,32.50,41.54,
17/10/2022,32.50,38.10,
18/10/2022,32.50,32.59,
19/10/2022,32.50,35.17,
20/10/2022,32.50,36.30,
21/10/2022,31.00,33.85,
24/10/2022,31.00,28.28,
25/10/2022,31.00,29.01,
26/10/2022,31.00,29.23,
27/10/2022,31.00,31.21,
28/10/2022,30.00,32.09,
31/10/2022,30.00,23.45,
01/11/2022,30.00,34.22,
02/11/2022,30.00,39.27,
03/11/2022,30.00,36.46,
04/11/2022,28.00,35.46,
07/11/2022,28.00,32.38,
08/11/2022,28.00,34.09,
09/11/2022,28.00,32.38,
10/11/2022,28.00,32.00,
11/11/2022,26.00,28.93,
14/11/2022,26.00,33.64,
15/11/2022,26.00,36.12,
16/11/2022,26.00,34.00,
17/11/2022,26.00,31.71,
18/11/2022,25.50,31.89,
21/11/2022,25.50,34.26,
22/11/2022,25.50,36.49,
23/11/2022,25.50,37.51,
24/11/2022,25.50,35.86,
25/11/2022,31.00,36.69,
28/11/2022,31.00,36.05,
29/11/2022,31.00,38.39,
30/11/2022,31.00,41.41,
01/12/2022,31.00,43.58,
02/12/2022,35.00,40.15,
05/12/2022,35.00,38.98,
06/12/2022,35.00,41.32,
07/12/2022,35.00,43.67,
08/12/2022,35.00,40.42,
09/12/2022,37.00,39.71,
12/12/2022,37.00,39.90,
13/12/2022,37.00,40.37,
14/12/2022,37.00,38.61,
15/12/2022,37.00,39.42,
16/12/2022,38.00,34.44,
19/12/2022,38.00,31.36,
20/12/2022,38.00,31.80,
21/12/2022,38.00,29.13,
22/12/2022,38.00,26.71,
23/12/2022,31.00,24.30,
26/12/2022,31.00,24.30,
27/12/2022,31.00,24.30,
28/12/2022,31.00,24.53,
29/12/2022,31.00,24.47,
30/12/2022,28.00,21.69,
02/01/2023,28.00,21.69,
03/01/2023,28.00,21.10,
04/01/2023,28.00,19.05,
05/01/2023,28.00,20.43,
06/01/2023,25.00,19.84,
09/01/2023,25.00,21.10,
10/01/2023,25.00,20.74,
11/01/2023,25.00,19.05,
12/01/2023,25.00,19.75,
13/01/2023,23.00,19.02,
16/01/2023,23.00,16.95,
17/01/2023,23.00,15.78,
18/01/2023,23.00,17.95,
19/01/2023,23.00,17.58,
20/01/2023,22.00,18.76,
23/01/2023,22.00,18.90,
24/01/2023,22.00,17.27,
25/01/2023,22.00,16.59,
26/01/2023,22.00,16.59,
27/01/2023,19.50,15.75,
30/01/2023,19.50,16.50,
31/01/2023,19.50,16.75,
01/02/2023,19.50,17.38,
02/02/2023,19.50,16.79,
03/02/2023,18.50,17.22,
06/02/2023,18.50,16.94,
07/02/2023,18.50,16.00,
08/02/2023,18.50,16.00,
09/02/2023,18.50,15.53,
10/02/2023,17.00,15.45,
13/02/2023,17.00,15.45,
14/02/2023,17.00,15.45,
15/02/2023,17.00,15.45,
16/02/2023,17.00,15.12,
17/02/2023,16.00,14.33,
20/02/2023,16.00,14.40,
21/02/2023,16.00,14.23,
22/02/2023,16.00,14.75,
23/02/2023,16.00,14.86,
24/02/2023,15.00,14.90,
27/02/2023,15.00,13.83,
28/02/2023,15.00,13.91,
01/03/2023,15.00,13.89,
02/03/2023,15.00,13.73,
03/03/2023,14.50,13.25,
06/03/2023,14.50,12.59,
07/03/2023,14.50,12.31,
08/03/2023,14.50,12.95,
09/03/2023,14.50,12.06,
10/03/2023,13.50,15.49,
13/03/2023,13.50,15.24,
14/03/2023,13.50,13.89,
15/03/2023,13.50,13.20,
16/03/2023,13.50,12.99,
17/03/2023,13.50,12.84,
20/03/2023,13.50,11.49,
21/03/2023,13.50,12.12,
22/03/2023,13.50,11.69,
23/03/2023,13.50,11.91,
24/03/2023,13.00,12.65,
27/03/2023,13.00,12.16,
28/03/2023,13.00,12.57,
29/03/2023,13.00,12.97,
30/03/2023,13.00,12.77,
31/03/2023,12.50,13.77,
03/04/2023,12.50,14.41,
04/04/2023,12.50,13.33,
05/04/2023,12.50,13.54,
06/04/2023,12.50,12.68,
07/04/2023,12.50,12.68,
10/04/2023,12.50,12.68,
11/04/2023,12.50,12.79,
12/04/2023,12.50,12.57,
13/04/2023,12.50,12.27,
14/04/2023,12.00,12.02,
17/04/2023,12.00,12.06,
18/04/2023,12.00,12.31,
19/04/2023,12.00,12.62,
20/04/2023,12.00,11.93,
21/04/2023,12.00,11.91,
24/04/2023,12.00,11.67,
25/04/2023,12.00,11.58,
26/04/2023,12.00,11.28,
27/04/2023,12.00,11.37,
28/04/2023,12.00,11.17,
01/05/2023,11.50,11.17,
02/05/2023,11.50,11.24,
03/05/2023,11.50,10.79,
04/05/2023,11.50,10.68,
05/05/2023,11.00,10.52,
08/05/2023,11.00,10.52,
09/05/2023,11.00,10.57,
10/05/2023,11.00,10.17,
11/05/2023,11.00,10.18,
12/05/2023,10.50,9.94,
15/05/2023,10.50,9.67,
16/05/2023,10.50,9.38,
17/05/2023,10.50,9.52,
18/05/2023,10.50,8.79,
19/05/2023,9.80,8.94,
22/05/2023,9.80,8.60,
23/05/2023,9.80,8.60,
24/05/2023,9.80,8.15,
25/05/2023,9.80,7.39,
26/05/2023,9.50,7.19,
29/05/2023,9.50,7.28,
30/05/2023,9.50,7.21,
31/05/2023,9.50,7.66,
01/06/2023,9.00,7.06,
02/06/2023,9.00,6.85,
05/06/2023,9.00,8.57,
06/06/2023,9.00,7.48,
07/06/2023,9.00,7.40,
08/06/2023,9.00,7.91,
09/06/2023,9.00,8.32,
12/06/2023,9.00,8.86,
13/06/2023,9.00,10.59,
14/06/2023,9.00,11.42,
15/06/2023,9.00,12.34,
16/06/2023,13.50,9.60,
19/06/2023,13.50,10.37,
20/06/2023,13.50,10.37,
21/06/2023,13.50,11.02,
22/06/2023,13.50,10.90,
23/06/2023,12.00,9.60,
26/06/2023,12.00,9.51,
27/06/2023,12.00,10.26,
28/06/2023,12.00,9.89,
29/06/2023,12.00,9.76,
30/06/2023,12.00,10.40,
03/07/2023,12.00,10.57,
04/07/2023,12.00,9.98,
05/07/2023,12.00,10.47,
06/07/2023,12.00,9.52,
07/07/2023,12.00,9.89,
10/07/2023,12.00,8.69,
11/07/2023,12.00,8.88,
12/07/2023,12.00,8.28,
13/07/2023,12.00,7.93,
14/07/2023,10.80,8.02,
17/07/2023,10.80,8.02,
18/07/2023,10.80,7.45,
19/07/2023,10.80,7.69,
20/07/2023,10.80,8.35,
21/07/2023,10.80,8.50,
24/07/2023,10.80,8.44,
25/07/2023,10.80,9.61,
26/07/2023,10.80,9.22,
27/07/2023,10.80,8.38,
28/07/2023,11.00,7.47,
31/07/2023,11.00,7.77,
01/08/2023,11.00,8.07,
02/08/2023,11.00,8.12,
03/08/2023,11.00,8.73,
04/08/2023,10.90,8.71,
07/08/2023,10.90,8.92,
08/08/2023,10.90,9.10,
09/08/2023,10.90,12.22,
10/08/2023,10.90,11.40,
11/08/2023,11.50,10.55,
14/08/2023,11.50,10.25,
15/08/2023,11.50,11.68,
16/08/2023,11.50,10.94,
17/08/2023,11.50,10.90,
18/08/2023,14.00,11.00,
21/08/2023,14.00,11.72,
22/08/2023,14.00,12.60,
23/08/2023,14.00,10.70,
24/08/2023,14.00,9.44,
25/08/2023,13.00,9.44,